id,area,bedrooms,bathrooms,floors,year_built,location,condition,garage,target
240,3936,4,4,1,1929,Urban,Good,No,432605
1669,4365,5,4,1,1985,Suburban,Poor,Yes,729601
692,1669,5,2,1,1917,Rural,Excellent,No,352094
420,3467,4,3,3,1966,Downtown,Poor,Yes,283076
1863,4419,5,3,2,1919,Downtown,Excellent,No,472418
824,1620,1,3,3,1914,Suburban,Poor,Yes,383862
365,4952,2,2,1,1971,Rural,Excellent,No,638829
1023,540,2,4,1,1906,Urban,Excellent,Yes,640846
1826,785,3,1,2,1974,Downtown,Poor,Yes,736860
588,749,1,3,3,1975,Rural,Good,Yes,389233
736,3262,2,1,3,1931,Suburban,Poor,No,427757
1832,3007,1,3,3,1937,Downtown,Fair,No,629088
942,4789,2,4,3,1926,Urban,Poor,No,591567
71,4493,4,4,3,1984,Downtown,Good,Yes,689604
1647,1321,4,3,3,1983,Rural,Fair,No,984581
259,801,1,2,2,2012,Rural,Poor,Yes,801545
51,2455,1,3,3,1967,Downtown,Poor,No,698843
198,4223,3,4,2,1956,Suburban,Fair,Yes,263165
1505,4781,4,1,1,1953,Rural,Excellent,No,884395
650,3617,4,1,1,1917,Rural,Fair,Yes,497695
332,1240,4,4,3,1978,Urban,Fair,Yes,54090
1360,4110,2,4,1,1916,Suburban,Poor,Yes,256994
593,4863,3,2,2,2002,Rural,Fair,No,726769
1392,773,1,1,3,2021,Urban,Fair,Yes,496049
1679,3330,2,3,2,2018,Rural,Good,No,223412
1616,802,5,1,1,1969,Suburban,Fair,No,682909
900,885,4,2,2,2014,Urban,Excellent,No,64568
881,3976,4,1,2,1914,Downtown,Excellent,Yes,592166
1247,3611,4,2,3,1979,Urban,Fair,No,605564
426,2187,5,2,2,1904,Urban,Fair,No,145149
1559,2712,5,4,2,1999,Suburban,Poor,Yes,839981
1894,2384,5,1,2,1937,Urban,Fair,Yes,336045
590,2665,5,1,2,1904,Rural,Poor,No,540092
982,1808,2,3,2,1991,Downtown,Good,No,930425
1977,4426,1,3,3,2017,Rural,Good,No,254739
1996,4994,5,4,3,1923,Suburban,Poor,No,295620
986,4094,1,4,3,2017,Suburban,Good,No,92628
398,2582,2,4,2,1908,Urban,Good,No,844203
1512,4091,3,1,2,1952,Suburban,Poor,No,872457
436,1865,1,1,2,1962,Urban,Poor,Yes,643572
192,3869,5,4,3,1929,Downtown,Good,No,940965
1436,2770,4,3,1,1919,Rural,Fair,Yes,836458
614,1858,1,3,1,2013,Rural,Good,No,322530
1503,4509,2,3,1,2003,Rural,Poor,No,638577
576,2168,1,4,2,1996,Downtown,Excellent,No,479059
987,1909,4,3,2,2008,Rural,Fair,Yes,857784
806,3554,1,1,2,1985,Urban,Good,Yes,129794
706,3948,1,3,3,1983,Urban,Good,No,63338
886,3372,1,3,1,1959,Rural,Excellent,No,273059
141,2353,5,3,1,1978,Downtown,Fair,No,394785
1358,2309,2,2,3,1919,Downtown,Poor,Yes,960835
2,4272,5,4,3,1958,Downtown,Excellent,No,424998
1222,2433,4,2,1,2017,Downtown,Fair,No,800071
1870,1292,5,1,1,1921,Downtown,Poor,Yes,168632
1159,2271,5,3,2,1910,Rural,Poor,No,381145
339,1581,3,4,3,2006,Rural,Excellent,No,966592
1770,3101,1,1,3,1949,Rural,Excellent,Yes,481172
1537,1752,3,2,3,1920,Suburban,Good,Yes,862267
483,1655,4,1,1,2021,Suburban,Excellent,No,476855
265,690,3,2,1,1989,Suburban,Poor,No,89015
376,3339,1,4,1,2017,Rural,Poor,No,981767
741,4708,3,1,2,1919,Urban,Good,No,938663
1660,1235,2,3,1,1935,Rural,Fair,No,992969
439,895,3,4,3,1911,Rural,Good,Yes,587953
271,3894,1,4,1,1945,Downtown,Poor,Yes,836351
184,2343,4,2,3,1968,Suburban,Excellent,Yes,910020
940,1268,1,4,1,1987,Suburban,Good,Yes,196444
244,725,2,2,3,1954,Suburban,Excellent,Yes,708764
932,2579,5,3,1,1913,Suburban,Fair,Yes,487509
445,3282,2,3,3,1979,Downtown,Fair,No,992550
596,735,1,1,1,1946,Downtown,Excellent,Yes,299220
818,977,5,4,1,2002,Rural,Excellent,No,229238
1273,3308,4,4,3,1976,Rural,Fair,No,752124
1313,784,5,3,3,2021,Rural,Poor,Yes,811254
486,3986,2,1,1,1947,Suburban,Good,Yes,687475
680,2575,3,1,2,1918,Downtown,Good,Yes,443238
415,3848,1,2,1,2018,Rural,Excellent,No,798609
273,2565,4,4,1,1921,Urban,Fair,No,138754
1013,941,4,3,2,1977,Rural,Poor,No,889411
1486,2477,3,3,2,1948,Urban,Excellent,Yes,543301
1455,1394,2,4,3,2012,Urban,Good,No,948407
250,1743,1,3,3,1923,Suburban,Good,Yes,178824
413,912,4,4,2,1958,Suburban,Good,Yes,631253
1386,1083,5,4,2,1988,Urban,Poor,No,191668
1449,707,3,1,2,1953,Suburban,Excellent,No,589677
715,4017,4,3,2,1915,Downtown,Excellent,No,691774
310,1074,2,3,2,1932,Downtown,Poor,No,160623
1565,1890,4,4,2,2005,Downtown,Fair,No,964105
381,2187,5,1,2,1998,Downtown,Fair,No,244451
1706,4516,2,2,2,1978,Urban,Excellent,No,514838
425,2643,1,3,3,1975,Suburban,Good,Yes,539788
1875,3446,5,4,2,1996,Rural,Fair,Yes,569826
532,1853,5,1,1,1965,Urban,Good,Yes,566456
752,509,2,2,2,2002,Urban,Poor,Yes,193949
765,3458,2,2,2,1913,Urban,Fair,Yes,660355
1357,1291,4,3,2,2013,Urban,Fair,Yes,347391
408,4474,4,1,3,1934,Suburban,Poor,No,631330
1615,4219,3,3,2,1982,Rural,Poor,No,989203
694,4706,5,2,3,1932,Urban,Excellent,No,133576
1649,2124,5,3,2,1951,Rural,Excellent,No,389112
548,3279,2,3,2,2003,Rural,Fair,Yes,309291
937,785,3,3,3,2009,Downtown,Good,No,313369
845,2334,5,1,2,1989,Suburban,Good,Yes,691204
1608,2018,1,4,2,1987,Downtown,Poor,Yes,145259
1940,4768,2,3,1,1908,Rural,Excellent,No,401301
1987,3211,4,3,3,1965,Urban,Good,No,179576
182,3411,5,4,2,1904,Suburban,Fair,Yes,716217
1947,4778,5,1,2,1983,Urban,Fair,No,868718
1078,1958,2,4,2,2010,Rural,Excellent,Yes,286109
170,3772,1,3,1,1976,Urban,Poor,Yes,59387
292,2341,1,4,1,1974,Downtown,Fair,No,667231
561,2324,1,4,3,1992,Rural,Poor,No,469136
1457,4609,1,2,3,1961,Rural,Good,No,820227
1877,2460,3,2,1,1913,Suburban,Fair,No,756502
1652,3647,3,2,3,2004,Urban,Fair,No,817018
1637,3673,1,3,1,2014,Downtown,Fair,No,601374
272,627,5,2,2,1943,Downtown,Fair,Yes,983671
1550,3391,2,1,1,1970,Rural,Excellent,Yes,925433
1729,509,4,1,2,1993,Urban,Fair,No,51082
903,917,3,2,2,1920,Suburban,Excellent,Yes,631612
371,2131,4,1,2,1928,Rural,Fair,Yes,476573
1851,743,3,3,3,1937,Urban,Fair,Yes,798501
721,3090,4,3,3,1906,Downtown,Fair,No,710709
733,3051,5,4,3,1999,Suburban,Poor,Yes,558907
777,4030,3,1,2,1995,Urban,Poor,No,807496
518,3784,4,2,2,1965,Suburban,Excellent,No,574532
334,3338,2,2,1,1927,Rural,Fair,Yes,468161
999,4723,4,3,2,2002,Rural,Poor,No,456521
1335,2323,2,3,2,1985,Suburban,Excellent,Yes,599998
1053,1750,1,4,3,1981,Downtown,Fair,Yes,717481
1391,4360,1,4,2,1905,Downtown,Good,No,330831
15,3885,1,3,1,1970,Urban,Fair,Yes,481838
707,1812,5,4,1,1924,Suburban,Poor,Yes,650577
1938,741,4,4,3,1951,Rural,Good,Yes,663337
1686,520,3,2,1,1913,Rural,Excellent,No,569897
1573,2881,2,2,2,1970,Suburban,Fair,Yes,881219
904,4100,1,1,1,1957,Downtown,Excellent,Yes,938640
465,3801,1,4,2,1979,Downtown,Excellent,No,272310
1978,1355,5,4,2,1936,Downtown,Poor,No,337251
199,3608,2,3,1,1929,Downtown,Fair,Yes,455427
1891,2994,2,2,1,1925,Urban,Excellent,Yes,493172
1619,2363,2,1,3,2006,Downtown,Poor,No,156759
1132,4778,5,3,2,1968,Rural,Excellent,Yes,139142
1301,2584,1,3,1,1995,Urban,Good,Yes,60712
1116,2021,4,1,1,1959,Downtown,Excellent,Yes,689544
727,967,4,4,1,1911,Urban,Fair,No,649223
1401,4697,4,1,2,2020,Urban,Excellent,No,96901
1414,4837,5,4,1,1909,Suburban,Excellent,No,654879
1681,1443,2,3,3,1925,Rural,Good,No,713227
567,4425,4,4,2,1924,Rural,Poor,Yes,271738
43,3112,4,3,1,1987,Suburban,Excellent,No,340320
274,2316,1,4,3,1952,Downtown,Excellent,Yes,271775
1316,2928,4,2,1,1904,Urban,Poor,Yes,952877
101,706,1,3,1,2000,Urban,Fair,Yes,305315
869,626,2,2,1,1966,Downtown,Excellent,No,928548
1907,1679,4,4,1,1938,Rural,Fair,Yes,932751
1552,1780,1,2,3,1923,Downtown,Good,Yes,354592
107,2257,2,4,3,1906,Downtown,Excellent,Yes,307288
1618,1486,4,4,1,1928,Suburban,Fair,No,753577
497,4209,1,4,2,2020,Downtown,Poor,Yes,346784
1981,3771,2,2,1,1989,Suburban,Fair,No,890271
1331,1386,3,3,1,1938,Downtown,Good,Yes,380918
756,2560,3,2,2,2000,Urban,Excellent,Yes,229480
619,3972,3,2,1,2005,Urban,Excellent,Yes,93021
1107,4490,3,2,3,1992,Rural,Poor,Yes,601507
1298,1071,1,3,2,1972,Suburban,Good,No,174698
1085,3504,1,3,3,1921,Downtown,Excellent,Yes,287145
1057,3211,4,1,1,2005,Suburban,Fair,No,93016
72,879,5,4,1,1916,Rural,Excellent,Yes,740807
1284,2047,5,1,3,1992,Rural,Fair,No,506217
1591,4565,3,4,2,1915,Downtown,Fair,No,977070
1182,2541,5,4,3,1951,Suburban,Poor,No,272322
1999,4062,3,1,2,1936,Urban,Excellent,Yes,161119
481,4812,3,2,1,1928,Downtown,Excellent,No,166196
1169,2550,3,2,2,1953,Downtown,Poor,No,284152
506,1004,4,2,1,1999,Rural,Good,No,95520
1323,3006,1,4,3,1946,Downtown,Poor,No,53052
1163,1420,4,4,3,2006,Rural,Excellent,Yes,979167
1990,647,5,3,3,1919,Rural,Excellent,No,60002
1477,3420,3,1,3,1998,Rural,Poor,No,417304
1368,4133,3,2,1,1952,Suburban,Fair,Yes,612781
861,1484,2,3,3,1973,Downtown,Good,No,323139
311,3761,3,2,3,1982,Downtown,Excellent,No,575285
1563,2079,2,4,2,1922,Suburban,Excellent,Yes,830644
405,917,4,1,3,1950,Suburban,Excellent,No,725748
1404,713,4,3,2,1981,Downtown,Poor,No,645350
1144,1238,3,3,3,1978,Downtown,Fair,No,516727
309,4269,3,4,3,1940,Urban,Good,No,533512
226,4567,4,4,1,1995,Downtown,Fair,Yes,893382
1699,4135,4,1,3,1907,Rural,Excellent,No,573846
710,2824,4,2,2,1973,Rural,Good,No,228982
1731,2160,3,1,2,1947,Urban,Excellent,No,208566
1200,3300,2,4,3,2020,Suburban,Fair,Yes,736779
1786,2235,5,2,3,1964,Suburban,Fair,Yes,919965
148,3652,4,3,3,1943,Urban,Fair,No,128038
1555,1807,2,1,1,1911,Rural,Fair,No,464562
998,2606,5,3,1,1971,Urban,Good,No,182335
832,3412,5,2,1,2006,Downtown,Excellent,No,63672
817,2535,3,3,1,2011,Suburban,Good,Yes,191295
1100,4226,5,4,2,1992,Suburban,Fair,No,670417
575,3256,1,4,2,1966,Urban,Good,No,771202
557,509,5,1,3,1904,Urban,Poor,Yes,839285
1258,1785,2,2,3,2002,Downtown,Excellent,No,890931
1884,4179,1,3,1,1954,Downtown,Poor,No,924113
1420,3674,4,4,3,1969,Urban,Good,Yes,652288
1869,2485,1,2,1,1911,Downtown,Fair,Yes,673540
1228,1487,3,4,3,2002,Urban,Poor,No,520970
286,4557,5,4,2,2014,Rural,Poor,Yes,230557
1605,628,2,4,1,1965,Rural,Excellent,Yes,672186
1058,2285,1,1,2,1924,Rural,Poor,No,493888
598,3537,5,3,1,1902,Rural,Fair,No,692811
1269,4238,4,4,3,1972,Urban,Fair,No,770643
1833,2023,5,1,2,1946,Urban,Good,No,506356
1992,4397,4,1,2,1981,Rural,Poor,Yes,847822
1588,2789,4,1,2,1974,Urban,Poor,Yes,242543
1041,3567,1,2,2,1906,Downtown,Poor,No,329837
1231,4765,1,3,2,1900,Suburban,Poor,Yes,210094
807,4533,5,1,3,1982,Downtown,Fair,Yes,638212
905,1454,3,3,2,1917,Downtown,Excellent,Yes,196539
1680,542,2,3,2,1988,Suburban,Excellent,No,741310
1292,1507,2,2,3,1978,Rural,Excellent,Yes,912303
767,3990,5,2,2,1953,Downtown,Good,Yes,787351
609,2982,2,4,2,1987,Downtown,Fair,Yes,916572
1613,3985,5,3,3,2020,Urban,Good,Yes,832680
963,4175,3,1,2,1927,Downtown,Fair,Yes,814742
1423,2209,1,4,1,1904,Downtown,Good,No,987126
1442,3889,1,4,1,1933,Rural,Excellent,Yes,417057
493,4634,1,1,3,1908,Downtown,Fair,No,161186
1676,3864,2,2,3,1976,Suburban,Good,Yes,986184
277,3233,1,4,1,2013,Suburban,Excellent,Yes,726894
1847,1942,1,3,3,1997,Downtown,Good,Yes,647359
358,2641,4,4,2,1949,Urban,Excellent,No,887329
1111,4353,5,2,3,2007,Rural,Poor,Yes,391925
236,1454,5,3,2,1942,Downtown,Poor,Yes,482509
551,2081,4,4,2,1998,Downtown,Good,No,730516
1868,4861,3,1,3,1967,Urban,Good,Yes,955428
1432,1134,2,4,3,1921,Downtown,Poor,No,591465
208,2196,5,4,1,1950,Rural,Good,Yes,101048
1387,894,4,2,1,2002,Suburban,Poor,No,503885
1561,4068,1,1,2,1956,Urban,Excellent,No,505235
58,4343,3,3,2,1940,Downtown,Excellent,No,840023
631,1260,5,4,2,1986,Downtown,Fair,No,619601
1915,1882,1,4,3,1958,Urban,Good,Yes,137725
1860,4573,4,4,2,1982,Downtown,Good,No,197892
1578,3344,4,2,3,1912,Suburban,Good,Yes,405143
363,2135,3,1,1,1926,Rural,Good,Yes,947486
505,4785,5,3,1,1943,Rural,Excellent,No,178131
1255,4430,3,2,3,1992,Urban,Poor,Yes,717554
1196,4821,1,1,1,1909,Downtown,Excellent,Yes,413133
1604,1864,4,1,1,2000,Rural,Poor,Yes,596852
1304,1765,4,1,2,1990,Rural,Poor,Yes,701176
1737,4183,5,4,2,1992,Urban,Poor,Yes,157271
984,1013,2,2,3,1907,Rural,Fair,No,109332
943,2661,4,2,1,1981,Urban,Excellent,Yes,160401
118,3193,3,1,3,1942,Rural,Poor,No,803315
1776,2972,3,1,3,1989,Urban,Fair,Yes,969015
1654,2690,3,2,3,1930,Rural,Excellent,Yes,505473
522,4012,2,1,3,1986,Downtown,Poor,Yes,964394
513,2605,5,4,2,2015,Downtown,Excellent,No,752858
81,891,1,1,2,2000,Suburban,Good,No,534859
916,3932,5,4,2,1977,Downtown,Good,No,503035
1741,1962,5,2,2,1948,Urban,Good,Yes,981543
380,1351,5,2,1,1911,Downtown,Poor,Yes,246599
1874,737,1,1,3,1929,Suburban,Poor,Yes,61952
1689,4931,3,4,1,1980,Downtown,Poor,No,956617
84,2778,2,2,1,1947,Downtown,Fair,Yes,92192
1801,1161,2,4,3,1951,Urban,Poor,Yes,577433
329,1330,2,4,1,1925,Downtown,Fair,No,406459
6,3944,1,2,1,1906,Urban,Poor,No,93262
745,2328,2,4,2,1991,Suburban,Poor,No,327941
1912,1108,3,4,1,1902,Downtown,Poor,No,658725
915,1466,1,3,3,1985,Downtown,Good,No,279164
874,4646,2,2,3,1927,Urban,Poor,No,137342
451,4136,4,4,1,1910,Suburban,Poor,Yes,857605
490,4686,3,1,2,2017,Suburban,Fair,Yes,431965
1481,4630,2,2,2,2007,Rural,Good,Yes,456782
287,1284,2,3,3,1919,Suburban,Excellent,Yes,279303
1720,2298,2,3,3,1926,Urban,Fair,No,932622
1986,907,5,1,2,1932,Urban,Poor,No,769148
1922,3802,1,4,1,1931,Urban,Fair,No,184974
1760,4858,4,2,1,2018,Rural,Poor,Yes,501800
705,4312,5,3,3,1933,Suburban,Good,No,170283
1427,605,3,2,1,1958,Downtown,Excellent,No,846680
1702,2192,1,2,3,1988,Rural,Fair,No,792647
1629,1074,4,4,3,1960,Urban,Poor,Yes,731845
879,2292,3,4,3,1909,Rural,Excellent,No,497564
921,2224,1,1,3,2008,Rural,Poor,No,555920
1089,4607,3,2,2,1981,Downtown,Good,No,702664
1651,4226,1,3,3,1981,Suburban,Poor,No,751486
327,2182,2,2,1,1968,Suburban,Excellent,Yes,242589
442,3002,1,1,3,1901,Rural,Good,No,610085
774,4929,2,4,3,1994,Rural,Fair,Yes,499058
1080,4697,4,3,3,1932,Suburban,Poor,Yes,336640
925,3712,1,3,2,1922,Urban,Poor,No,910587
1600,3293,1,3,2,1970,Rural,Fair,Yes,298850
177,3311,3,4,2,1936,Suburban,Good,Yes,698782
1146,1045,3,1,2,1953,Rural,Fair,Yes,974069
704,1376,3,2,1,2000,Urban,Fair,Yes,616695
86,700,4,1,3,1913,Suburban,Fair,No,411273
1549,2493,2,3,3,1996,Rural,Excellent,No,519284
1900,4350,3,3,2,1934,Urban,Poor,No,416099
457,3482,5,4,1,2011,Suburban,Poor,Yes,173554
1829,2266,2,2,3,2015,Rural,Excellent,Yes,397786
54,3573,5,3,1,1952,Suburban,Fair,No,593118
1502,4890,3,1,1,1916,Downtown,Fair,Yes,343805
643,1171,3,4,1,1985,Suburban,Poor,No,519965
677,3845,4,2,1,1992,Downtown,Fair,Yes,872613
221,4277,4,4,3,1963,Urban,Poor,Yes,961508
113,3657,5,1,2,1980,Rural,Excellent,No,902987
1125,4061,3,3,2,1926,Urban,Good,Yes,809129
1229,1718,4,1,2,1955,Urban,Excellent,Yes,380657
1000,3268,1,2,2,1962,Rural,Poor,Yes,890249
174,3011,1,4,2,1996,Urban,Fair,No,619071
781,3891,1,4,1,1935,Downtown,Good,Yes,668470
589,1173,5,3,3,1993,Urban,Fair,Yes,895177
1560,2852,4,3,1,1991,Suburban,Poor,Yes,724053
18,974,2,2,1,1919,Downtown,Poor,Yes,905742
423,4579,4,1,3,1972,Suburban,Poor,Yes,88886
1344,1488,3,4,2,1975,Suburban,Excellent,Yes,135687
285,1909,5,4,2,1972,Suburban,Good,Yes,718043
1962,924,4,3,3,1938,Urban,Excellent,Yes,622854
428,4351,4,2,1,1910,Rural,Excellent,No,576961
1510,3458,1,4,2,1966,Rural,Poor,Yes,233719
1319,1406,2,4,2,1942,Downtown,Poor,Yes,391324
669,4623,3,1,1,1920,Urban,Fair,Yes,589745
31,3702,1,4,2,1953,Suburban,Poor,No,902609
941,3557,2,3,3,1905,Downtown,Excellent,No,831608
722,1563,4,2,3,1915,Suburban,Poor,No,961848
1898,3210,2,3,1,1974,Downtown,Good,Yes,921612
214,753,2,2,3,1986,Suburban,Fair,No,786200
1259,4811,5,4,2,1911,Rural,Poor,No,620569
326,2193,4,4,2,2016,Rural,Fair,Yes,822793
560,1515,4,1,1,1984,Downtown,Fair,Yes,674747
1113,1128,1,2,3,1971,Suburban,Poor,Yes,974253
700,2261,5,2,3,1990,Rural,Poor,Yes,238869
1061,4420,5,4,2,2007,Downtown,Good,Yes,384384
1190,510,3,1,1,1992,Rural,Good,Yes,466981
341,3349,3,3,1,2013,Suburban,Excellent,No,679600
629,4542,3,4,1,2003,Urban,Good,No,908754
147,3499,3,2,3,1948,Downtown,Fair,No,562164
1198,2765,2,4,2,2019,Suburban,Good,Yes,131748
360,3459,2,3,2,2005,Urban,Poor,Yes,173323
83,4061,2,1,1,2015,Downtown,Excellent,Yes,540339
48,4514,2,1,3,1952,Rural,Poor,No,976920
468,3493,4,1,1,1963,Urban,Good,Yes,830637
155,3277,2,4,3,2013,Urban,Good,No,944030
772,735,5,3,3,1987,Downtown,Excellent,No,179909
1317,3007,5,2,3,1912,Suburban,Fair,No,852377
1235,1454,3,1,1,1929,Rural,Good,Yes,355617
1403,1278,3,2,2,1968,Urban,Poor,No,416056
1727,4476,3,1,3,1962,Suburban,Excellent,Yes,465000
1753,1149,4,3,2,2006,Rural,Excellent,Yes,681540
500,1394,1,1,2,1926,Urban,Good,No,113043
1765,3851,2,3,2,2008,Downtown,Excellent,No,63698
179,2486,3,2,1,1943,Suburban,Fair,No,300139
1339,4030,5,4,1,1990,Urban,Excellent,Yes,419170
1756,1600,1,4,2,1999,Suburban,Good,Yes,511531
1738,3773,1,1,3,1942,Suburban,Poor,Yes,744896
1740,3540,4,4,2,1939,Downtown,Poor,Yes,494049
1620,4940,1,2,1,2002,Suburban,Good,Yes,178471
528,4137,4,1,2,1968,Urban,Poor,No,477894
346,1970,4,3,3,1976,Urban,Fair,Yes,392543
1609,4681,3,3,2,1969,Downtown,Excellent,Yes,174451
1961,892,2,3,1,1942,Urban,Fair,No,279333
812,3610,4,1,2,2006,Downtown,Good,No,415130
1973,1275,1,2,2,2014,Downtown,Good,No,678705
1472,806,2,4,1,2007,Suburban,Good,No,843802
601,3874,3,2,3,1983,Suburban,Fair,No,635009
1050,1636,1,3,1,1908,Urban,Poor,Yes,881838
243,3854,2,1,3,2017,Rural,Fair,Yes,393782
1816,2431,1,4,2,1901,Rural,Excellent,No,534495
1068,1740,1,4,3,1926,Urban,Fair,No,76567
1476,811,1,1,1,1909,Downtown,Excellent,Yes,859427
312,1648,3,4,2,2000,Urban,Excellent,No,502546
435,1228,1,3,2,1991,Rural,Fair,No,446904
1948,3057,5,3,3,1952,Urban,Poor,Yes,104795
1488,2571,3,3,3,1962,Urban,Fair,Yes,493884
308,4236,4,2,2,1959,Suburban,Poor,No,95177
430,4266,1,4,3,1993,Suburban,Poor,No,73466
660,4144,4,4,1,1981,Urban,Excellent,Yes,55310
370,2989,5,3,3,1961,Rural,Excellent,No,882044
566,4658,4,1,2,2013,Urban,Good,No,810135
1566,2242,1,3,2,2000,Suburban,Poor,Yes,543496
181,3719,2,4,2,2007,Suburban,Poor,No,550228
1283,2512,3,3,3,1930,Suburban,Fair,Yes,60662
621,4079,5,4,2,1988,Urban,Excellent,No,199333
819,1754,2,4,2,1999,Downtown,Excellent,No,89369
1193,4064,4,4,2,1957,Urban,Excellent,Yes,934750
1315,1262,5,2,3,1953,Suburban,Fair,Yes,487513
1422,589,5,2,3,1919,Downtown,Good,Yes,515992
1841,2996,1,4,2,2015,Rural,Poor,Yes,609836
923,2292,3,2,1,1901,Downtown,Excellent,No,729706
1105,3859,3,3,1,2010,Downtown,Good,No,292821
296,4631,1,4,1,1986,Urban,Poor,No,174697
1690,2338,3,3,3,1920,Rural,Good,Yes,548185
461,4830,5,1,2,1994,Urban,Fair,Yes,528766
1303,2387,4,3,3,1913,Suburban,Poor,No,965885
1177,1204,1,3,1,2007,Urban,Excellent,Yes,804189
377,835,4,2,2,1905,Rural,Fair,Yes,514151
798,1818,3,1,1,1908,Rural,Poor,No,439569
1103,988,4,4,3,1901,Rural,Excellent,No,419432
105,1063,4,2,2,1911,Suburban,Excellent,Yes,188783
126,2737,3,3,2,1999,Urban,Poor,Yes,812072
1955,3101,3,3,1,1908,Suburban,Poor,No,847177
1131,3483,5,3,3,1931,Downtown,Good,Yes,387088
1245,1295,2,2,3,1967,Suburban,Excellent,No,456339
355,4545,2,2,2,2012,Rural,Fair,No,111600
1617,4452,3,1,3,2006,Downtown,Poor,No,979958
682,1562,2,4,1,2002,Rural,Good,No,653810
813,2470,3,4,2,1962,Downtown,Excellent,No,818103
922,4922,4,2,2,1965,Downtown,Poor,No,374888
209,4491,2,4,3,1912,Rural,Excellent,Yes,780806
938,3995,3,3,1,1969,Downtown,Excellent,Yes,979700
140,4263,3,1,1,1928,Urban,Excellent,No,688093
1677,3522,1,3,1,2017,Rural,Good,No,263766
1340,4278,1,3,3,1932,Rural,Poor,No,530545
1783,4110,1,4,2,2017,Downtown,Excellent,No,815784
1575,1816,1,4,3,1930,Rural,Excellent,No,57425
1096,3652,4,4,3,2006,Downtown,Fair,Yes,599753
849,3419,1,2,1,2019,Rural,Fair,No,245346
892,1832,5,3,3,1912,Rural,Excellent,Yes,856903
711,2233,2,3,3,1987,Downtown,Excellent,No,967461
1946,2855,2,4,2,1972,Urban,Good,No,862897
865,4031,3,3,2,1910,Suburban,Good,No,924726
1456,1014,3,2,2,2017,Suburban,Fair,No,933601
10,2185,3,3,1,2000,Downtown,Poor,No,340375
1721,2345,3,2,2,2020,Suburban,Fair,No,690083
1124,1966,4,3,2,1995,Rural,Poor,No,475037
282,3509,1,4,2,1997,Suburban,Good,Yes,169894
810,2651,4,4,1,1991,Urban,Good,No,834326
1361,2107,4,2,1,1979,Urban,Fair,Yes,830768
291,1037,1,4,3,1904,Downtown,Good,Yes,545283
754,2173,3,3,3,1954,Suburban,Fair,Yes,77313
626,4318,5,1,2,1946,Downtown,Poor,No,979441
944,3793,4,4,3,1987,Urban,Fair,No,276801
862,2139,4,1,2,1998,Rural,Fair,Yes,499704
129,3175,5,3,3,1908,Suburban,Excellent,Yes,589618
1176,931,2,3,1,1978,Downtown,Good,No,852914
323,4864,5,3,3,1904,Rural,Good,No,945954
1091,4163,5,1,2,1947,Downtown,Poor,No,935491
1249,817,5,3,3,1921,Urban,Excellent,No,917481
964,3554,1,4,2,2003,Downtown,Good,Yes,373599
1865,4994,1,2,2,1986,Suburban,Fair,Yes,641444
1782,2975,3,1,1,1969,Rural,Excellent,No,517121
873,3949,3,2,1,1955,Urban,Good,No,733429
695,1993,5,4,3,1931,Downtown,Good,Yes,70557
215,3683,3,3,1,1908,Suburban,Fair,Yes,994793
1043,4276,5,2,3,1960,Rural,Excellent,No,218769
1262,2639,1,4,2,1954,Downtown,Good,Yes,827981
158,702,3,2,1,1963,Downtown,Poor,Yes,275097
1798,2901,3,1,3,1970,Suburban,Good,Yes,669113
1623,1827,1,3,3,1967,Downtown,Fair,Yes,622686
841,594,2,2,1,1949,Urban,Fair,Yes,297795
634,4955,4,3,3,1959,Urban,Poor,No,339176
516,4675,3,4,1,2002,Suburban,Good,Yes,697735
1429,927,1,3,1,1979,Urban,Good,Yes,919061
1521,3552,4,3,2,1917,Downtown,Good,Yes,287439
597,888,5,4,2,1953,Downtown,Excellent,Yes,486056
195,1516,5,3,1,1928,Rural,Good,No,478082
1644,1888,3,3,1,1964,Downtown,Fair,No,956587
1822,2040,1,3,1,1969,Urban,Excellent,No,913601
410,1325,1,3,2,1902,Suburban,Fair,Yes,246945
96,1528,2,3,1,1901,Rural,Poor,Yes,450327
1001,4453,5,1,2,1946,Downtown,Excellent,No,991902
1338,3593,2,2,3,1951,Downtown,Fair,No,720534
156,2233,5,4,1,1961,Rural,Excellent,No,660911
419,3004,4,4,1,1918,Downtown,Poor,Yes,164587
1803,4119,4,4,3,1932,Suburban,Fair,No,713162
477,1865,2,4,2,1930,Downtown,Good,Yes,255719
1856,1093,3,1,1,1964,Downtown,Poor,Yes,148752
668,1025,2,4,2,1924,Urban,Good,Yes,781670
1040,4725,4,1,2,1986,Suburban,Good,Yes,136978
1872,594,3,1,2,1981,Downtown,Good,Yes,66575
1380,2375,2,2,3,1972,Rural,Poor,Yes,651385
447,643,3,2,3,1923,Suburban,Fair,No,676627
553,4985,1,2,1,2002,Downtown,Excellent,Yes,981539
178,1869,4,2,3,1907,Suburban,Excellent,No,690102
390,1566,5,3,1,1988,Suburban,Good,No,939217
578,4136,2,2,1,1950,Rural,Poor,No,473759
1009,3930,3,2,2,1938,Suburban,Fair,No,411799
1723,2208,1,3,2,1923,Rural,Excellent,Yes,959222
1288,2190,3,1,2,1926,Downtown,Poor,No,641759
1645,4212,5,4,2,1976,Rural,Poor,No,110664
1112,4930,3,2,2,1954,Rural,Good,No,56457
820,1422,3,4,1,1993,Urban,Good,Yes,922811
1825,2868,2,1,2,1962,Downtown,Excellent,Yes,973570
985,2420,3,4,1,2005,Downtown,Fair,No,218377
1960,3691,4,1,2,2005,Downtown,Poor,Yes,972532
664,3266,2,1,1,1913,Suburban,Excellent,Yes,487744
142,1791,2,3,3,1992,Urban,Poor,No,670103
1517,501,4,1,3,1905,Rural,Good,No,723832
1804,2368,3,3,3,1912,Downtown,Good,Yes,838695
864,3230,1,2,1,1998,Suburban,Fair,Yes,187039
421,3286,2,4,1,1981,Rural,Excellent,Yes,796988
636,2219,1,3,1,1995,Urban,Poor,No,198430
1407,2948,3,4,1,1988,Rural,Poor,No,908440
799,4097,3,1,1,2023,Suburban,Good,No,892495
1067,2843,1,1,3,1979,Rural,Excellent,No,453169
615,3677,1,4,3,2015,Downtown,Good,No,651516
294,1024,2,2,2,1971,Urban,Excellent,Yes,198188
1221,2876,3,3,3,1961,Urban,Poor,Yes,531503
930,1222,3,3,2,1993,Rural,Good,Yes,307571
1903,956,3,2,1,1936,Urban,Good,No,371961
88,2954,3,1,3,1996,Suburban,Excellent,No,663484
41,2541,4,3,3,1950,Urban,Good,Yes,333453
1802,4383,2,1,3,1930,Suburban,Fair,Yes,147289
1934,3208,5,2,2,1929,Urban,Poor,No,65675
131,1209,2,2,3,1956,Suburban,Fair,No,650710
1506,1769,4,3,2,1975,Urban,Good,No,731182
990,2055,1,1,2,1903,Rural,Fair,No,101993
1446,2930,1,1,3,1932,Downtown,Excellent,Yes,934747
1855,3225,5,2,3,1910,Downtown,Excellent,Yes,922911
1345,4616,3,4,2,2011,Rural,Good,No,168968
1957,3172,5,2,1,1921,Suburban,Fair,No,303730
164,2827,4,2,1,1919,Suburban,Excellent,No,439522
724,3095,2,3,1,2021,Suburban,Excellent,Yes,450966
290,3306,3,2,1,1918,Downtown,Good,Yes,541599
1650,3272,3,3,3,1966,Rural,Excellent,Yes,970995
1536,2613,1,2,3,1935,Downtown,Good,No,756167
1897,3701,3,2,1,2012,Urban,Excellent,No,807902
1379,4465,5,4,3,1978,Downtown,Good,Yes,276577
1362,1484,5,3,1,1918,Rural,Poor,Yes,443650
778,3135,4,4,1,1916,Suburban,Excellent,Yes,229810
839,4256,3,4,2,1903,Urban,Fair,No,251457
348,2794,4,1,1,1932,Suburban,Fair,No,887985
1945,2942,4,2,2,1900,Suburban,Good,No,776262
571,1010,4,1,3,1925,Rural,Fair,Yes,528076
917,1188,5,2,3,1966,Rural,Good,Yes,655266
1778,1207,5,2,2,1950,Downtown,Poor,Yes,423166
1887,1042,4,3,2,1923,Downtown,Fair,No,264776
1469,4202,1,3,3,1933,Downtown,Fair,No,831627
1592,4812,2,1,2,1938,Urban,Excellent,No,450717
1318,528,3,4,3,1927,Rural,Excellent,No,800561
1906,4744,4,1,1,1953,Suburban,Excellent,Yes,512753
136,3945,4,1,2,1914,Urban,Excellent,No,661882
458,3794,3,1,2,2017,Urban,Excellent,Yes,444655
375,3587,3,4,2,1921,Rural,Good,Yes,688751
1343,4011,5,3,3,1941,Urban,Excellent,Yes,481613
333,616,1,4,2,1912,Rural,Fair,No,957278
1160,1762,4,4,2,1947,Downtown,Fair,Yes,836872
1761,4229,1,4,3,1922,Downtown,Good,Yes,849235
1458,2634,5,4,2,1922,Rural,Fair,No,640620
816,1702,5,2,2,1948,Rural,Good,No,554434
1523,2025,3,4,3,1947,Downtown,Poor,No,396655
1006,4533,3,2,1,1906,Suburban,Poor,No,536476
1857,2326,2,2,2,1933,Suburban,Fair,No,186080
976,2698,5,1,1,1941,Downtown,Fair,No,430665
1018,1304,1,1,2,2005,Urban,Good,Yes,722010
910,4880,3,1,1,1980,Urban,Poor,Yes,945150
1930,3145,3,3,3,2021,Downtown,Poor,Yes,291472
1498,2882,3,2,3,1946,Rural,Excellent,Yes,280755
328,619,1,1,3,1948,Suburban,Poor,Yes,929125
1036,3469,1,4,2,2023,Suburban,Poor,No,485935
318,3551,4,3,2,1906,Suburban,Good,Yes,145287
1530,4314,1,3,3,1909,Rural,Poor,Yes,125911
1359,2755,4,3,3,1915,Rural,Good,No,431688
1733,1572,1,2,2,1977,Suburban,Good,No,364096
167,2430,4,2,1,1988,Urban,Fair,No,422146
12,2891,4,4,3,1978,Urban,Excellent,Yes,127123
1927,3529,2,3,1,2014,Downtown,Poor,Yes,201168
171,1647,4,3,1,1967,Rural,Good,No,295752
649,2893,2,1,3,1948,Downtown,Fair,Yes,886048
1333,2704,1,1,2,2018,Rural,Fair,Yes,443781
260,4776,5,3,1,1999,Urban,Poor,No,932464
1272,1325,2,1,2,2008,Rural,Poor,No,232394
1742,2084,2,2,1,1984,Rural,Fair,No,642127
901,3781,2,1,2,1934,Urban,Poor,No,583754
672,864,2,4,3,1956,Rural,Good,Yes,201958
258,3920,4,3,3,1975,Downtown,Good,No,745003
844,1293,4,4,3,1958,Urban,Poor,Yes,996931
867,3435,1,4,1,2007,Suburban,Excellent,Yes,638759
1587,3240,4,2,3,1967,Suburban,Excellent,Yes,875294
138,1995,4,1,3,2019,Urban,Poor,No,344819
893,701,2,1,2,1968,Downtown,Fair,Yes,574252
1838,2908,5,3,1,1914,Urban,Good,Yes,778927
549,1424,1,1,1,2004,Downtown,Good,Yes,488866
319,504,5,2,1,1925,Downtown,Fair,No,169574
1625,4173,5,1,1,1969,Rural,Fair,No,215369
1237,1474,1,3,2,2019,Downtown,Excellent,No,66040
1178,3132,2,3,1,1916,Suburban,Good,Yes,252945
558,3371,5,2,1,1951,Urban,Good,Yes,396300
139,3804,5,3,1,1941,Rural,Excellent,No,72007
1735,1816,5,3,1,1927,Urban,Good,No,98737
531,970,2,2,3,2012,Downtown,Good,No,866015
224,4291,4,1,1,1946,Rural,Poor,No,190926
723,4824,1,3,3,1998,Downtown,Good,Yes,876395
786,1752,4,2,1,1962,Suburban,Excellent,No,90725
1718,1975,4,3,3,1989,Suburban,Fair,Yes,533419
1370,1459,2,1,1,2004,Rural,Excellent,Yes,564922
409,3767,4,2,3,2001,Downtown,Poor,No,890172
325,1135,2,2,3,1991,Suburban,Poor,Yes,393288
1454,909,1,2,3,2021,Downtown,Excellent,Yes,71797
299,4347,5,4,1,1995,Urban,Excellent,No,445340
1263,2204,3,1,1,2002,Downtown,Excellent,No,554869
1466,3927,1,4,3,2022,Suburban,Poor,Yes,711944
25,689,5,1,3,1900,Urban,Excellent,Yes,688668
1859,3787,1,4,3,1900,Suburban,Good,Yes,427625
714,3921,4,3,3,1990,Rural,Good,No,970958
1010,1801,2,1,2,1961,Rural,Excellent,No,630420
193,762,1,2,2,2013,Urban,Fair,No,828559
440,4671,3,2,3,1976,Rural,Fair,No,594929
573,904,2,1,2,1940,Suburban,Poor,No,292726
946,3835,2,4,3,2019,Urban,Good,Yes,553575
997,3179,1,4,2,1929,Urban,Poor,Yes,58539
503,3572,4,4,1,1969,Downtown,Excellent,Yes,426394
605,2622,2,1,1,2003,Rural,Good,No,141788
1173,2533,3,3,1,1939,Suburban,Poor,No,905938
1164,3930,2,1,3,1934,Suburban,Fair,Yes,547275
1787,2085,5,4,1,1959,Downtown,Poor,No,524381
846,2616,3,4,1,2014,Rural,Fair,Yes,956740
3,3592,2,2,3,1938,Downtown,Good,No,266746
1474,2489,4,1,2,1916,Rural,Poor,No,737859
1223,1880,1,4,3,1935,Suburban,Good,No,729648
467,1691,3,3,3,1948,Urban,Fair,No,838898
321,1491,4,3,2,1911,Urban,Fair,Yes,171509
5,4926,1,4,2,1975,Downtown,Fair,Yes,636056
222,3369,4,4,2,1930,Suburban,Fair,Yes,728797
1375,1026,3,2,3,1959,Rural,Good,No,482331
547,3008,1,4,2,1901,Suburban,Fair,Yes,700009
228,4993,4,3,1,1976,Suburban,Poor,Yes,801588
39,2561,2,3,1,1964,Rural,Good,No,873250
542,3245,1,4,3,1959,Urban,Poor,Yes,681615
242,2985,4,3,3,1969,Urban,Poor,Yes,997719
898,2125,2,3,1,1908,Suburban,Poor,No,901740
1134,538,1,4,3,1907,Rural,Poor,Yes,882890
1192,1384,1,4,1,1920,Downtown,Good,No,620900
1087,4140,5,1,1,2000,Downtown,Excellent,No,910352
842,3174,3,3,2,1937,Urban,Good,No,454271
1419,1417,3,2,1,1991,Rural,Poor,Yes,690537
1936,3584,4,4,2,2002,Suburban,Excellent,Yes,168384
1970,1288,2,2,1,1968,Suburban,Excellent,No,467983
661,4932,2,4,3,1928,Urban,Good,No,81817
1211,2966,2,3,3,2004,Rural,Poor,No,61755
314,4354,5,3,2,1996,Suburban,Fair,Yes,694467
691,2656,1,3,2,2003,Rural,Fair,No,384678
1813,2602,3,1,2,2004,Downtown,Poor,No,959251
424,2071,2,4,2,2015,Downtown,Good,Yes,401169
594,2484,5,1,3,1976,Rural,Good,No,922402
1964,4131,1,3,2,1905,Suburban,Excellent,No,923055
622,3531,3,3,2,1945,Rural,Fair,No,470594
1688,1514,1,2,2,1999,Rural,Poor,No,247977
1993,2450,1,3,3,2006,Urban,Good,Yes,225508
227,660,5,4,2,1981,Suburban,Excellent,No,722709
1118,2000,1,2,1,2010,Rural,Excellent,Yes,808947
1979,2648,4,4,3,1980,Suburban,Poor,Yes,734153
1383,1516,2,4,1,1947,Rural,Fair,Yes,384192
66,1775,5,2,3,1946,Urban,Excellent,No,723265
24,2306,2,2,3,1976,Rural,Poor,Yes,447694
144,3957,4,1,3,1981,Suburban,Good,Yes,919914
536,3519,5,1,3,1938,Urban,Good,Yes,447530
811,4518,3,2,1,1998,Urban,Excellent,No,891081
1120,2919,4,4,2,2007,Suburban,Poor,Yes,975168
85,3599,1,3,1,2009,Urban,Good,No,941307
1564,2703,2,3,3,1982,Rural,Good,No,944370
1843,2189,2,4,2,1987,Downtown,Poor,Yes,679957
1805,2834,4,4,1,1917,Downtown,Fair,No,470129
1818,3062,3,4,1,1914,Downtown,Excellent,No,557745
1492,3953,3,4,3,1910,Suburban,Excellent,No,235715
1239,4472,3,2,3,1976,Downtown,Poor,Yes,718646
362,2979,5,4,2,1917,Rural,Excellent,Yes,694566
1612,2974,2,2,2,1970,Suburban,Excellent,No,180577
1888,1345,1,2,2,1976,Urban,Excellent,No,601151
1026,841,1,2,3,1968,Suburban,Fair,Yes,703761
1030,4763,2,3,1,2010,Downtown,Poor,No,840555
1622,3624,4,4,3,1918,Rural,Poor,Yes,458275
1356,1292,5,4,2,1992,Downtown,Fair,No,861802
1073,4726,5,1,1,2014,Rural,Fair,Yes,632678
665,802,5,2,3,1978,Suburban,Poor,No,790176
364,2257,3,3,3,1940,Urban,Fair,No,320041
77,3068,3,2,3,1972,Rural,Excellent,No,813277
27,3505,4,2,3,1955,Urban,Good,Yes,745494
1975,2747,3,1,3,2002,Rural,Poor,No,229729
525,3986,1,1,3,1908,Suburban,Fair,No,584535
1835,3056,5,2,2,1949,Urban,Poor,No,555533
55,1521,5,2,1,1981,Downtown,Fair,Yes,266897
638,3766,2,4,3,1914,Suburban,Excellent,Yes,407470
302,1471,2,1,3,1961,Suburban,Poor,No,57176
718,3370,2,1,1,1993,Rural,Fair,Yes,788497
624,3093,3,4,2,1987,Downtown,Fair,No,826934
7,3671,1,1,2,1948,Rural,Poor,Yes,448722
803,3212,5,3,3,1919,Downtown,Excellent,Yes,198940
1049,2558,2,2,2,1957,Downtown,Excellent,No,442619
336,2431,3,3,2,2006,Urban,Excellent,No,53743
47,1275,3,1,2,2000,Downtown,Good,No,270084
1480,1254,3,2,2,1944,Downtown,Excellent,No,251474
106,4691,2,3,3,1928,Rural,Excellent,Yes,659836
349,3647,4,3,3,1925,Suburban,Poor,No,558928
1079,4049,3,4,2,1977,Suburban,Poor,No,545951
238,1545,1,3,1,1933,Downtown,Fair,No,662840
213,4423,4,2,2,1954,Suburban,Excellent,No,907158
1554,1075,5,1,1,1972,Urban,Poor,Yes,665973
1569,1774,1,2,2,1979,Rural,Excellent,No,270172
793,1565,1,3,2,1981,Rural,Good,No,759441
1428,1386,2,1,3,1992,Urban,Poor,No,95291
1583,1508,5,1,2,1956,Suburban,Fair,No,785101
1672,2447,3,4,1,1935,Rural,Good,Yes,756465
523,1756,1,2,1,1929,Suburban,Fair,Yes,907735
232,1718,4,4,3,2005,Rural,Excellent,No,69455
644,2469,5,2,2,1979,Suburban,Poor,No,581536
1942,663,3,1,2,1933,Urban,Fair,No,679999
533,3283,5,3,1,1987,Urban,Fair,No,189148
1509,4123,3,3,3,1918,Urban,Poor,No,841699
603,1752,4,2,2,1968,Suburban,Poor,No,843294
1210,2414,5,2,2,2012,Rural,Fair,No,895383
1074,4069,5,3,3,1918,Suburban,Fair,Yes,700060
1305,1540,5,1,2,1924,Urban,Excellent,Yes,806686
60,661,4,4,2,1921,Downtown,Excellent,No,175407
1810,3165,3,3,3,1972,Downtown,Fair,No,201744
92,3273,2,3,3,1957,Urban,Poor,No,802744
666,1138,1,2,3,1948,Urban,Excellent,Yes,132641
280,3401,4,2,1,1929,Downtown,Good,Yes,922510
1114,4732,4,3,3,2000,Downtown,Poor,No,83064
359,3559,4,2,3,1937,Suburban,Excellent,No,874470
1133,4959,1,1,2,1916,Suburban,Good,Yes,77603
1170,4000,4,3,1,1936,Suburban,Fair,No,319182
847,4606,4,1,2,1974,Downtown,Good,No,918948
1378,3844,2,2,3,1916,Urban,Fair,No,347625
110,1559,1,3,2,1911,Downtown,Fair,Yes,699381
42,3324,5,3,3,1921,Downtown,Good,No,986192
125,3802,2,4,1,1932,Downtown,Excellent,No,180509
204,2755,5,4,3,1902,Urban,Good,Yes,822411
52,2085,2,3,2,1935,Urban,Poor,Yes,405446
545,4636,4,4,2,1986,Urban,Good,Yes,535119
68,837,3,2,3,1928,Suburban,Fair,Yes,815034
1137,1420,1,2,2,1997,Downtown,Excellent,No,618728
1548,3139,5,2,3,1970,Downtown,Excellent,Yes,626563
183,2234,1,2,1,2017,Rural,Fair,No,747621
137,4243,1,4,3,1905,Downtown,Fair,No,182152
899,2622,5,4,1,2020,Downtown,Poor,Yes,396113
796,2843,5,1,1,1936,Urban,Excellent,No,532517
132,4913,4,2,3,1928,Urban,Poor,No,958521
80,1995,4,4,2,1948,Rural,Fair,Yes,838212
1483,1402,2,3,3,1958,Rural,Good,Yes,419556
1541,4896,4,1,2,1954,Downtown,Good,Yes,782320
541,4219,5,3,1,1991,Urban,Poor,No,85568
1596,1418,3,3,3,1920,Urban,Excellent,Yes,500479
983,4677,2,3,3,1923,Suburban,Fair,Yes,226978
165,3431,1,2,1,1957,Suburban,Fair,Yes,74220
248,3620,4,3,2,1925,Rural,Fair,Yes,786091
446,4077,2,4,3,1947,Urban,Good,No,965986
1287,3617,5,4,3,1959,Urban,Fair,Yes,865014
858,2688,4,2,3,1949,Downtown,Fair,No,794809
1460,3456,5,4,1,1955,Downtown,Good,Yes,274997
97,1002,5,1,3,2014,Rural,Fair,Yes,816751
1974,4526,3,1,3,1936,Rural,Fair,No,904531
737,1641,4,2,1,1940,Suburban,Fair,Yes,762787
1351,4098,3,3,1,2023,Rural,Poor,No,866473
102,1984,5,4,1,1981,Downtown,Fair,Yes,339068
434,1095,3,4,2,1990,Rural,Fair,No,624694
74,2562,5,3,3,1959,Suburban,Excellent,No,873622
1828,4537,1,4,1,2008,Suburban,Poor,Yes,128743
1202,4345,4,1,2,1964,Urban,Poor,No,779055
918,4743,5,2,3,1911,Urban,Excellent,No,579148
1712,1786,2,2,1,1945,Urban,Fair,No,325536
1671,3001,2,3,3,1903,Rural,Excellent,Yes,526154
1621,3572,5,4,2,1965,Downtown,Poor,Yes,858143
762,3332,3,1,1,2008,Rural,Fair,No,879492
989,4991,1,3,2,1971,Urban,Poor,Yes,919403
388,3998,3,3,3,2003,Rural,Excellent,No,934507
235,3235,1,1,2,1955,Urban,Poor,Yes,281897
1507,4214,4,2,3,1984,Downtown,Good,Yes,505519
267,1480,5,3,1,1984,Downtown,Excellent,Yes,778165
1302,777,3,4,3,2011,Downtown,Poor,No,393671
117,3560,3,2,3,1973,Downtown,Fair,No,437554
1607,2299,4,3,1,1974,Downtown,Good,No,570919
673,2146,2,4,3,2006,Urban,Excellent,Yes,520328
249,516,2,1,1,1956,Urban,Fair,No,882441
1453,521,1,1,1,1970,Downtown,Poor,No,994699
1995,2174,1,1,2,1973,Downtown,Poor,No,527698
94,3190,3,2,3,1950,Downtown,Excellent,No,645316
33,4390,1,1,1,2020,Rural,Poor,No,202185
1464,4138,3,4,1,1960,Urban,Fair,No,52024
1668,1526,1,2,2,2018,Suburban,Excellent,Yes,336552
448,3640,4,1,2,1998,Urban,Good,Yes,687719
716,2897,1,4,3,1989,Downtown,Good,No,398684
1265,3104,3,3,2,1961,Urban,Excellent,Yes,578883
1518,874,4,1,3,1915,Suburban,Fair,Yes,200408
Id,Area,Bedrooms,Bathrooms,Floors,YearBuilt,Location,Condition,Garage,Price
1376,3724,5,4,1,1975,Downtown,Fair,Yes,816505
1101,4142,2,2,2,2022,Downtown,Excellent,Yes,464546
1108,3657,1,2,2,1996,Downtown,Fair,No,872614
1440,4411,5,1,1,1936,Urban,Poor,No,467876
82,4974,5,1,2,1901,Suburban,Fair,No,764618
1289,1636,4,4,3,1914,Urban,Fair,Yes,697801
676,2031,1,4,2,1913,Urban,Excellent,No,409571
1452,3885,5,2,1,2013,Suburban,Fair,Yes,502436
1046,4624,3,3,3,1933,Rural,Excellent,Yes,735352
770,2104,5,4,3,2021,Urban,Good,No,430815
1216,4755,5,1,3,1924,Urban,Fair,No,930808
1281,3829,4,3,3,1901,Rural,Good,No,315591
1581,3032,3,3,2,2002,Suburban,Poor,Yes,615745
1489,903,1,1,3,1986,Urban,Excellent,No,683654
404,3569,1,1,2,1997,Downtown,Excellent,Yes,445158
1728,3597,4,2,3,2012,Downtown,Fair,Yes,997176
1299,2882,1,2,1,1922,Suburban,Fair,Yes,218902
1341,3396,5,1,1,2009,Urban,Good,No,77597
104,3290,4,2,3,1903,Rural,Good,Yes,344721
688,2103,4,2,2,2009,Downtown,Excellent,Yes,669436
1606,1514,5,1,3,1940,Suburban,Poor,Yes,330371
826,1450,4,3,3,1942,Downtown,Fair,Yes,320114
62,2481,5,3,2,1920,Suburban,Poor,Yes,307716
852,1314,2,3,3,1907,Suburban,Good,No,53889
1781,3064,4,1,3,2001,Rural,Poor,Yes,142529
223,3734,1,3,2,2007,Urban,Good,No,724945
145,2136,2,2,1,2013,Rural,Good,Yes,837071
1088,4394,4,3,2,2004,Urban,Excellent,No,325871
373,1515,5,4,3,1969,Urban,Fair,Yes,852699
1421,2741,5,1,1,2022,Urban,Excellent,No,364942
1142,4021,5,2,3,2013,Urban,Good,No,264117
1827,648,5,3,1,1914,Rural,Good,Yes,173775
1752,2046,4,2,2,1973,Urban,Excellent,No,476228
1602,4970,4,4,3,1907,Urban,Excellent,Yes,297688
1271,1056,5,3,2,1997,Suburban,Excellent,Yes,748083
9,630,2,2,1,1932,Rural,Poor,Yes,652878
449,4991,1,2,3,1921,Downtown,Good,No,282275
708,1960,2,1,1,1967,Downtown,Poor,Yes,514736
255,3065,5,2,1,1957,Urban,Poor,No,317724
882,3917,5,2,2,1982,Rural,Poor,No,133100
389,4413,3,4,1,1949,Suburban,Poor,Yes,346753
908,2490,2,2,3,2014,Suburban,Good,Yes,144791
924,2259,2,1,2,1914,Urban,Excellent,No,956630
1704,2181,3,1,2,1996,Suburban,Excellent,No,664997
1233,2060,3,1,3,2017,Urban,Poor,No,969163
460,1232,5,3,3,1959,Suburban,Excellent,Yes,809277
1270,2969,1,3,2,2004,Suburban,Excellent,No,404820
1701,4110,5,1,1,1902,Downtown,Fair,No,75801
1168,4260,2,2,1,1907,Rural,Fair,Yes,50005
958,3306,5,1,2,1917,Suburban,Excellent,No,779846
501,1884,4,3,2,2005,Downtown,Excellent,Yes,948607
739,1223,3,3,1,1987,Urban,Poor,No,154887
1850,4937,1,1,3,1970,Urban,Fair,Yes,128591
868,4376,3,4,1,1975,Rural,Fair,Yes,349260
731,617,4,4,3,1949,Rural,Good,No,113528
539,1645,1,1,1,1936,Rural,Fair,No,961352
1201,3053,5,2,1,1912,Rural,Poor,Yes,115195
697,2972,1,2,1,1953,Suburban,Excellent,Yes,321142
1393,2513,5,2,2,2007,Rural,Excellent,Yes,172540
1861,633,1,4,2,1901,Urban,Fair,No,514764
1145,3741,1,4,2,1952,Suburban,Poor,No,160373
1031,1109,5,2,2,2005,Downtown,Poor,No,328747
372,3316,3,1,2,1957,Rural,Poor,Yes,518304
667,555,2,4,2,1932,Suburban,Poor,Yes,789443
1526,513,4,3,3,1948,Rural,Fair,Yes,927709
357,3618,4,1,2,1945,Downtown,Fair,No,708559
967,3691,2,2,3,1922,Urban,Excellent,No,891024
783,4143,5,4,3,2011,Suburban,Fair,No,928219
735,1346,4,2,3,1916,Urban,Excellent,Yes,982280
1035,3972,5,3,1,2011,Suburban,Good,Yes,920670
970,664,4,3,2,1910,Downtown,Good,No,302051
1525,2146,3,2,2,1938,Downtown,Excellent,Yes,732457
1487,1456,5,4,3,1999,Downtown,Fair,No,402594
1524,4976,5,3,2,1942,Downtown,Excellent,No,583953
1491,1887,1,1,1,1909,Rural,Excellent,Yes,638141
1784,4755,1,1,2,1998,Downtown,Poor,No,489705
1252,3245,2,1,2,1955,Downtown,Excellent,Yes,796403
1694,4354,5,2,1,1915,Downtown,Excellent,Yes,298577
1716,944,3,2,2,1932,Suburban,Fair,Yes,176951
1236,1483,2,2,3,1911,Rural,Poor,Yes,760958
885,3530,1,2,2,1920,Suburban,Fair,No,544308
79,3195,5,3,2,1977,Urban,Fair,No,961995
1172,875,1,3,2,1991,Downtown,Good,No,530875
814,697,1,4,1,1910,Rural,Fair,Yes,920181
1286,2485,1,2,1,1927,Urban,Fair,No,448115
671,3787,5,4,2,1922,Rural,Fair,Yes,971484
1532,3438,5,1,3,2009,Suburban,Fair,No,866916
57,3113,3,2,2,1979,Suburban,Excellent,No,913498
133,4248,4,4,2,2013,Rural,Excellent,No,53212
1140,992,5,2,2,1986,Rural,Poor,No,405970
933,3217,5,3,3,1943,Urban,Excellent,No,766696
1980,1531,5,3,3,1963,Rural,Poor,No,970200
823,3097,5,1,2,1911,Rural,Fair,No,720951
1214,2609,2,4,1,1911,Suburban,Fair,Yes,658841
504,2496,5,4,3,2018,Downtown,Fair,No,647013
1775,2414,5,4,2,1978,Urban,Fair,Yes,737055
347,1080,2,2,2,1938,Downtown,Poor,No,885227
386,4500,4,4,2,1947,Downtown,Fair,Yes,138757
1024,2581,2,2,2,2001,Urban,Excellent,No,860763
894,4007,5,1,2,1903,Downtown,Fair,No,666108
828,2743,1,1,1,1936,Downtown,Excellent,No,543614
1893,3219,5,3,1,1979,Rural,Fair,No,370098
475,1888,3,3,3,1965,Suburban,Fair,No,319072
1471,2835,3,1,2,1943,Downtown,Poor,Yes,506331
1448,958,2,4,3,2022,Urban,Poor,Yes,145220
1755,3137,2,1,3,1969,Rural,Good,Yes,421467
652,2468,4,3,3,1903,Suburban,Poor,Yes,221955
172,4782,5,3,2,2018,Suburban,Excellent,No,651103
1149,2304,5,3,1,1924,Downtown,Fair,No,321261
38,2863,1,2,3,1982,Urban,Excellent,Yes,921627
713,3063,3,1,1,1910,Rural,Poor,Yes,378042
90,1304,4,3,3,1957,Suburban,Good,No,414593
1937,2509,1,4,1,1970,Rural,Excellent,Yes,128229
1205,1226,3,1,1,2010,Rural,Excellent,No,351286
875,4033,4,1,2,1974,Downtown,Fair,No,64407
1352,3733,5,2,3,2005,Urban,Fair,Yes,974752
1890,3536,5,3,2,1953,Urban,Poor,Yes,864980
1093,838,1,1,2,1975,Downtown,Fair,Yes,278497
1155,4913,5,1,2,1923,Urban,Good,Yes,151536
1364,3880,1,1,2,2019,Downtown,Poor,No,901612
1959,516,2,3,1,1975,Urban,Fair,No,916069
499,955,4,3,3,1920,Downtown,Poor,No,90491
338,2164,1,4,2,1996,Urban,Poor,Yes,191268
1188,1963,4,1,3,1959,Suburban,Fair,No,923993
28,2399,2,4,1,1934,Downtown,Excellent,Yes,513179
1217,4569,3,1,1,1948,Downtown,Good,Yes,306760
1326,1953,5,1,1,1937,Suburban,Poor,No,801564
1821,4943,2,3,2,1930,Downtown,Poor,Yes,744058
945,1446,2,4,3,2000,Urban,Excellent,No,821668
169,1108,3,1,1,2001,Suburban,Fair,Yes,747785
1405,4262,4,3,1,1915,Downtown,Fair,No,539838
1197,1324,2,2,1,1905,Downtown,Good,No,667300
1253,2091,1,3,1,1996,Rural,Poor,Yes,994218
1399,1228,5,1,1,2019,Downtown,Poor,No,670656
912,3213,4,4,1,1994,Downtown,Excellent,No,400434
491,1213,2,1,2,1989,Suburban,Excellent,Yes,783082
953,2323,5,2,3,1974,Urban,Poor,Yes,249041
1097,2250,5,3,1,2022,Downtown,Good,No,234972
1032,954,5,4,2,2021,Downtown,Poor,No,378085
587,2074,1,3,1,1934,Rural,Fair,No,909299
750,1401,1,1,1,1983,Suburban,Good,Yes,765612
657,4702,4,4,2,1915,Downtown,Excellent,No,183997
234,3604,2,2,3,1973,Downtown,Fair,Yes,515139
732,3428,3,3,2,1942,Downtown,Good,No,674099
1989,2168,2,4,1,2010,Rural,Fair,No,427972
1708,2637,2,3,2,2023,Downtown,Fair,No,305560
1156,744,2,4,1,1997,Urban,Good,Yes,856560
1470,2856,1,4,1,2012,Downtown,Excellent,No,317429
1425,4738,2,3,1,1908,Rural,Poor,No,186772
1628,1203,1,3,3,1936,Urban,Poor,No,289317
934,2832,2,4,3,1929,Suburban,Good,No,858094
1209,2096,2,2,2,1972,Urban,Good,Yes,389092
1065,2024,4,3,2,2018,Rural,Excellent,Yes,602810
108,2178,2,1,2,1913,Suburban,Excellent,No,543085
1543,3966,5,4,1,1906,Urban,Excellent,No,387990
568,4500,4,3,2,1901,Rural,Excellent,Yes,954890
1167,3124,4,2,3,1937,Rural,Fair,Yes,810416
1174,645,2,3,1,1933,Downtown,Poor,No,913018
890,3208,5,2,1,1949,Downtown,Fair,Yes,367006
947,4650,2,4,2,1923,Rural,Fair,Yes,928836
1048,4350,5,3,1,1918,Downtown,Poor,No,714882
1353,2480,4,2,1,2012,Downtown,Poor,No,397509
1817,4219,1,1,1,2001,Downtown,Excellent,Yes,352468
1447,2554,1,3,2,1930,Suburban,Poor,Yes,926122
884,1705,1,2,1,1985,Rural,Fair,Yes,498636
1673,1677,5,4,2,1905,Rural,Good,Yes,242122
850,3097,4,4,1,1965,Suburban,Excellent,Yes,954726
734,4789,2,1,2,2011,Rural,Good,Yes,334931
717,4235,3,1,2,1960,Urban,Good,No,544775
454,3116,4,3,2,1945,Urban,Poor,Yes,218082
264,1639,5,4,2,1997,Suburban,Good,Yes,156960
75,4384,5,4,3,1930,Rural,Excellent,No,76014
1658,1940,1,2,3,2009,Urban,Fair,No,864520
444,1217,5,4,2,1944,Downtown,Poor,Yes,358094
395,4469,1,4,3,2016,Suburban,Poor,No,374377
176,1159,4,2,1,1951,Suburban,Good,No,759687
1042,1886,1,4,1,1922,Rural,Poor,No,532757
1736,4645,5,2,2,1943,Downtown,Good,No,502669
1402,3996,3,4,3,1961,Downtown,Fair,Yes,526728
1381,2263,4,4,2,1938,Urban,Poor,No,859010
595,1577,4,1,2,1956,Suburban,Excellent,Yes,336608
61,4797,5,1,2,1965,Suburban,Good,Yes,691157
1296,4402,2,3,3,1911,Urban,Poor,Yes,284631
872,1103,5,1,2,1977,Rural,Good,Yes,621952
1490,3279,1,4,1,1931,Suburban,Good,Yes,422222
1879,3029,1,3,2,1968,Rural,Fair,No,734736
278,4363,2,3,2,2006,Rural,Good,Yes,796355
36,2935,4,4,2,1979,Urban,Poor,No,959507
1516,1025,2,2,2,1946,Suburban,Excellent,No,879868
662,2555,3,3,3,1922,Urban,Fair,No,558350
1807,1516,1,4,3,1957,Urban,Fair,No,713515
1646,1867,1,3,3,2000,Suburban,Fair,Yes,467896
977,3656,4,2,2,1927,Suburban,Fair,No,967899
1572,4453,3,1,3,1933,Downtown,Good,No,201837
738,2310,3,2,1,1905,Rural,Poor,No,834429
191,4561,1,2,1,1966,Suburban,Poor,Yes,518968
919,4201,4,4,2,1999,Urban,Good,No,709089
456,2656,1,3,1,1934,Urban,Poor,No,592383
675,3297,1,2,2,1957,Suburban,Good,Yes,697861
760,1842,3,2,2,1946,Rural,Fair,No,141665
1808,4906,2,3,2,1955,Suburban,Fair,No,706282
1630,3732,3,4,1,1991,Urban,Fair,Yes,372111
728,4670,5,3,1,1934,Downtown,Excellent,No,764152
412,3646,2,1,1,2019,Downtown,Good,No,728810
1098,2921,2,2,3,1939,Urban,Good,No,634087
825,3568,3,4,3,1930,Suburban,Fair,Yes,760595
1497,3125,5,2,2,1961,Downtown,Poor,No,464170
616,2628,1,1,1,1975,Suburban,Fair,No,196297
114,3125,1,4,3,2021,Downtown,Poor,No,401992
417,1175,2,2,3,1963,Urban,Excellent,Yes,442613
1911,899,3,3,2,1942,Rural,Good,Yes,141544
969,4483,4,4,3,1933,Urban,Excellent,No,434325
604,4481,1,1,3,1987,Rural,Fair,Yes,614396
1919,1319,5,4,2,1946,Downtown,Good,No,321380
89,4145,1,1,2,1998,Urban,Good,Yes,576683
848,3825,5,3,3,1927,Downtown,Poor,Yes,901098
1896,4849,5,2,3,1964,Rural,Fair,No,961118
1918,3792,2,1,1,1975,Urban,Good,Yes,144266
753,760,5,1,3,1996,Urban,Good,No,326383
498,1581,3,2,1,1964,Suburban,Poor,No,520098
1276,4241,4,4,2,1935,Suburban,Fair,Yes,855837
1325,4053,2,3,1,1970,Suburban,Excellent,No,353294
11,1269,1,4,2,1947,Suburban,Poor,Yes,653685
396,3046,4,3,3,1954,Urban,Poor,Yes,423587
284,3037,1,4,3,2010,Rural,Poor,No,79756
1066,2620,2,2,1,1978,Suburban,Poor,No,499303
1191,2368,1,1,2,1976,Rural,Good,Yes,151096
1745,1749,4,1,1,1983,Urban,Poor,No,232075
690,732,3,1,2,2002,Urban,Fair,Yes,858157
1632,4328,2,2,2,1970,Suburban,Excellent,Yes,179745
1876,3030,3,2,3,1923,Urban,Good,No,133323
689,566,3,1,3,1932,Urban,Excellent,Yes,496098
851,3705,1,1,1,2022,Suburban,Fair,No,323010
159,3755,5,2,1,2001,Suburban,Fair,Yes,348964
895,4712,3,3,2,1991,Urban,Excellent,No,241239
1576,1543,3,3,3,1992,Rural,Good,Yes,325001
257,2827,2,1,2,1941,Suburban,Excellent,No,317544
335,1650,4,4,3,1932,Rural,Fair,No,876671
1880,3464,2,1,3,1974,Suburban,Poor,No,771444
1039,4129,1,1,2,1966,Urban,Poor,No,962894
515,2352,1,1,2,1975,Urban,Fair,No,572485
1348,2182,4,4,2,2011,Downtown,Good,No,253570
1015,3680,3,2,1,2013,Rural,Good,Yes,275997
768,4177,5,1,3,1970,Rural,Excellent,No,901995
1747,1161,3,2,1,1974,Downtown,Good,Yes,137745
761,2876,3,1,3,1978,Rural,Good,No,846966
1246,4536,4,4,2,1951,Suburban,Good,No,840243
1203,2296,4,3,2,1919,Rural,Poor,No,664134
1468,4304,5,2,1,1983,Downtown,Good,Yes,208116
1984,3956,4,4,1,1971,Urban,Poor,Yes,581992
521,1750,4,3,2,1985,Urban,Fair,Yes,227561
22,3247,4,3,1,1931,Downtown,Excellent,No,709789
356,1743,2,1,1,1905,Urban,Excellent,No,624310
1277,2074,2,2,2,1988,Downtown,Good,No,108122
1312,1186,2,2,2,2011,Downtown,Good,Yes,86972
1683,3045,4,4,3,1938,Rural,Excellent,Yes,54329
340,1012,2,2,1,1917,Urban,Fair,Yes,928247
431,2826,3,1,3,1967,Downtown,Fair,No,287626
473,2886,3,4,2,1923,Rural,Excellent,Yes,493333
217,598,1,4,2,1960,Suburban,Poor,No,316891
911,4658,1,2,3,1942,Urban,Good,No,596938
1227,3182,2,1,1,1977,Rural,Good,No,742727
1789,3561,5,4,3,1935,Urban,Good,No,522803
1011,3041,4,1,3,2002,Suburban,Good,No,962133
1950,4335,4,2,2,1999,Downtown,Good,No,784543
93,2070,2,2,2,2010,Downtown,Poor,No,458995
1008,1804,1,2,1,1991,Urban,Good,Yes,965672
1070,1438,1,4,1,1973,Downtown,Good,No,112708
1092,715,1,3,1,1901,Suburban,Excellent,No,698852
1586,775,1,1,2,2002,Downtown,Fair,Yes,161153
1308,3252,1,3,1,1984,Rural,Fair,Yes,661473
696,4507,1,2,2,1960,Rural,Poor,Yes,596113
1793,3274,5,4,2,1910,Rural,Excellent,No,643695
996,3261,2,4,3,1997,Downtown,Excellent,No,556357
153,3974,5,1,3,1902,Urban,Fair,Yes,703059
1099,1209,5,1,2,2007,Downtown,Fair,Yes,560237
1719,4457,2,1,1,1976,Downtown,Excellent,Yes,198306
1998,1062,5,1,2,1903,Rural,Poor,No,476925
789,577,4,4,1,1924,Suburban,Good,Yes,584398
580,4678,5,1,1,1912,Downtown,Good,Yes,56611
703,2862,4,4,3,2019,Urban,Fair,No,543844
1212,3237,5,1,2,1966,Rural,Poor,Yes,827203
1295,1747,3,3,2,1941,Downtown,Fair,Yes,942215
1666,3489,4,2,1,1924,Suburban,Fair,No,366235
1260,2883,2,4,1,1906,Suburban,Good,Yes,881284
487,2310,1,1,2,1964,Rural,Excellent,No,946881
559,1297,3,3,2,1944,Urban,Poor,No,316320
1141,1631,4,2,2,1934,Suburban,Good,No,339604
1119,3794,4,3,1,1905,Suburban,Poor,No,259727
801,2690,2,1,2,1963,Urban,Fair,Yes,891672
512,633,3,1,1,2021,Urban,Good,Yes,417390
633,1399,5,2,3,1976,Downtown,Excellent,Yes,807071
1764,4508,4,2,3,2020,Downtown,Fair,No,929793
1788,566,4,1,1,1945,Urban,Fair,Yes,999453
1546,1129,5,1,2,1992,Suburban,Good,No,458449
1150,3712,3,1,3,1966,Suburban,Good,No,299975
790,3121,5,1,1,1958,Urban,Excellent,Yes,548864
116,2097,3,4,2,1931,Downtown,Fair,No,844686
740,724,3,2,2,1926,Urban,Fair,No,111086
1691,3688,2,3,1,1945,Urban,Good,No,133984
1081,2822,4,2,1,2011,Downtown,Good,No,788661
830,2357,3,2,3,1928,Rural,Fair,Yes,695214
119,4127,5,2,2,1980,Urban,Excellent,No,520336
656,2786,4,2,1,1954,Suburban,Fair,No,319594
1908,4785,3,3,3,1941,Downtown,Good,No,335084
635,3447,5,1,3,2022,Urban,Fair,No,535179
369,4230,1,3,3,2018,Suburban,Good,No,74815
268,3475,1,4,3,1999,Rural,Fair,Yes,982478
655,2761,3,3,2,1959,Rural,Fair,Yes,428824
935,3876,5,3,3,1980,Suburban,Excellent,No,580696
822,2704,3,2,3,1918,Rural,Fair,Yes,849093
866,4951,3,1,2,1962,Rural,Fair,Yes,399422
46,3056,5,1,1,2015,Urban,Good,Yes,396872
1373,4973,1,1,1,1930,Rural,Poor,No,978647
1709,3916,3,4,1,1973,Rural,Fair,Yes,818026
991,1304,2,3,1,1990,Downtown,Poor,Yes,220458
876,3867,3,1,3,1938,Urban,Fair,Yes,163926
773,2469,5,3,1,1958,Rural,Excellent,No,483039
1219,2530,4,3,3,1988,Urban,Excellent,No,902119
2000,2989,5,1,3,1903,Suburban,Fair,No,482525
4,966,4,2,2,1902,Suburban,Fair,Yes,244020
1003,3780,3,4,3,1956,Suburban,Good,No,256873
1994,865,4,4,2,2020,Rural,Poor,No,308446
263,1199,2,3,1,2002,Downtown,Good,No,529389
1834,3285,5,4,1,1956,Suburban,Poor,No,674652
1831,3331,5,4,1,1909,Suburban,Poor,Yes,654146
443,2319,4,2,3,1936,Urban,Fair,No,790126
1002,3686,4,1,1,1925,Urban,Fair,No,290310
1077,671,4,1,1,2022,Suburban,Excellent,No,632093
837,2871,4,2,1,1914,Suburban,Poor,No,50064
1791,4653,5,2,2,1975,Downtown,Good,No,772670
304,3274,2,4,1,1949,Downtown,Fair,No,826653
1365,1019,3,3,1,1907,Downtown,Fair,No,682822
1558,3234,2,1,3,1967,Urban,Excellent,Yes,576054
313,2215,1,2,3,1982,Downtown,Fair,Yes,546184
149,1198,4,1,3,2002,Suburban,Good,No,406043
1148,4846,1,2,2,2013,Suburban,Fair,Yes,68909
1213,1349,5,4,2,1910,Suburban,Excellent,Yes,430129
574,2500,3,1,3,2020,Urban,Poor,Yes,352811
50,3652,4,4,2,1935,Downtown,Fair,Yes,845016
1553,2860,2,2,3,1910,Downtown,Fair,No,998084
726,505,5,4,1,1939,Suburban,Good,Yes,727823
833,3353,4,2,3,1925,Rural,Poor,No,526684
1377,2753,4,2,2,2018,Rural,Good,Yes,727900
1115,3430,2,3,2,2017,Downtown,Poor,Yes,977325
1166,4984,5,3,3,1945,Downtown,Poor,Yes,655950
470,1717,2,2,3,1963,Rural,Fair,Yes,750457
971,4777,4,4,2,1985,Urban,Excellent,No,151611
653,2253,2,4,1,1989,Urban,Poor,No,607343
399,3274,5,3,1,1978,Downtown,Excellent,No,517667
511,1428,1,1,1,1939,Downtown,Good,Yes,202842
320,1376,4,2,3,1995,Suburban,Poor,Yes,830751
19,1582,2,2,2,2013,Suburban,Good,No,989305
684,1796,3,4,2,1976,Rural,Fair,Yes,98929
35,3388,3,3,2,1988,Urban,Fair,Yes,105746
902,974,1,2,2,2000,Urban,Fair,Yes,272129
1779,2304,2,3,3,1987,Suburban,Poor,No,465718
827,2836,2,4,1,2000,Downtown,Fair,No,97922
1797,4374,1,2,2,1938,Downtown,Excellent,Yes,616464
407,1116,3,1,1,1933,Suburban,Fair,Yes,657539
920,841,1,1,2,1911,Urban,Poor,Yes,605639
537,1167,3,4,3,1993,Urban,Poor,Yes,602958
758,2119,4,4,1,1944,Rural,Good,Yes,138771
1905,4476,3,2,1,1957,Rural,Fair,Yes,306094
1062,4960,2,2,1,1924,Urban,Fair,Yes,942724
1199,1436,1,4,2,2014,Downtown,Excellent,Yes,976932
245,1459,3,2,1,1966,Downtown,Poor,Yes,218332
1416,3348,3,4,1,2020,Urban,Excellent,Yes,330759
1127,1682,2,1,3,2006,Suburban,Good,No,644206
784,4350,5,3,1,1923,Downtown,Good,Yes,852386
1743,982,3,4,1,1956,Urban,Fair,No,884363
489,2714,3,4,1,1966,Urban,Good,Yes,642879
154,2207,4,3,2,2014,Downtown,Poor,Yes,175801
961,3810,3,4,1,1956,Urban,Good,No,606387
853,845,4,1,3,1928,Suburban,Excellent,No,168194
1311,2853,1,4,1,2000,Urban,Excellent,No,586498
625,4800,5,3,1,2011,Suburban,Excellent,No,136755
685,625,2,3,3,1981,Downtown,Good,Yes,655984
1562,2155,5,4,2,1912,Rural,Excellent,No,540674
569,2133,5,4,2,2020,Downtown,Good,No,685181
1909,4065,2,3,3,1927,Downtown,Excellent,No,749400
17,3404,2,1,1,1903,Urban,Fair,Yes,208964
127,1806,2,1,3,1999,Downtown,Fair,No,345107
1346,4526,5,1,1,2009,Urban,Fair,Yes,614562
1279,2629,5,1,2,1943,Downtown,Good,Yes,282661
1969,2779,3,3,2,1979,Urban,Poor,No,220951
927,2762,4,4,2,1980,Suburban,Poor,No,650988
980,3952,2,1,1,1977,Rural,Fair,Yes,741419
1965,1620,2,2,3,1982,Suburban,Poor,Yes,423218
190,2302,3,2,3,1932,Rural,Poor,No,395590
1139,4611,3,1,1,2019,Rural,Excellent,No,975208
992,1779,5,1,2,1999,Downtown,Excellent,Yes,939459
1956,2944,1,3,3,2004,Suburban,Excellent,No,828520
1657,3375,3,3,3,1954,Urban,Poor,No,479767
606,2650,5,4,3,2017,Downtown,Good,Yes,518239
180,646,1,3,1,1997,Suburban,Good,No,967184
301,3201,1,4,2,1926,Suburban,Fair,No,743411
496,1743,5,2,3,1920,Suburban,Poor,Yes,591285
1696,640,1,4,3,1983,Downtown,Poor,Yes,378396
1710,4945,3,1,3,1981,Suburban,Fair,No,782119
1662,3838,4,4,1,1925,Rural,Good,Yes,137893
1639,2137,2,1,3,1917,Downtown,Good,Yes,773983
517,3433,1,3,3,1975,Suburban,Good,No,635765
1985,4006,2,3,3,1960,Downtown,Poor,No,852874
1069,560,3,2,2,2003,Suburban,Poor,No,503739
476,2356,3,2,2,1937,Rural,Fair,No,891741
157,4010,4,2,1,2005,Rural,Excellent,No,558252
1243,2211,3,2,2,2006,Downtown,Excellent,Yes,722960
1195,3901,1,4,1,1968,Urban,Excellent,Yes,134335
16,4617,1,4,2,1931,Downtown,Poor,No,853032
1535,527,2,2,3,1948,Downtown,Poor,No,226682
1072,4620,5,3,3,1967,Rural,Good,Yes,596848
1972,3349,1,3,3,1900,Urban,Excellent,Yes,953785
546,4275,3,2,3,2020,Rural,Poor,Yes,328496
1539,2546,3,4,1,2015,Suburban,Fair,No,146453
658,3378,1,3,3,1998,Rural,Excellent,No,523267
1626,3791,4,2,1,2012,Suburban,Poor,No,682592
1019,574,4,3,2,1981,Downtown,Fair,No,469230
1684,2911,3,1,1,1983,Downtown,Good,Yes,348009
1504,1894,1,2,1,2003,Downtown,Excellent,Yes,67184
959,2990,5,2,1,1943,Downtown,Poor,Yes,124474
1882,1036,2,1,1,1959,Urban,Good,Yes,338581
283,654,1,4,1,1956,Suburban,Poor,Yes,640127
797,2363,5,2,1,1925,Urban,Poor,No,756584
1627,4533,1,3,2,1956,Rural,Excellent,No,154959
225,1456,1,3,1,1901,Downtown,Good,No,233148
26,3234,5,4,2,1959,Urban,Good,Yes,527032
1771,1690,5,2,1,1921,Rural,Poor,No,98786
437,4992,5,2,2,1928,Downtown,Good,No,810006
1949,1045,2,1,2,1982,Downtown,Excellent,No,420283
1388,4288,5,4,3,1917,Rural,Excellent,No,463146
229,1800,2,1,2,2009,Rural,Excellent,No,726708
37,1100,2,1,3,1957,Rural,Good,No,748213
749,4244,4,1,2,1902,Rural,Good,No,181980
1045,3863,3,4,2,2009,Suburban,Fair,Yes,410013
1398,2067,2,4,3,2001,Rural,Poor,Yes,812301
469,3181,5,3,3,1931,Urban,Excellent,Yes,549344
1693,4646,1,1,2,2009,Suburban,Fair,Yes,151069
1968,4595,4,3,1,1906,Downtown,Excellent,Yes,396228
687,3783,1,3,2,1961,Suburban,Good,Yes,846240
1844,3767,1,2,1,1901,Downtown,Fair,No,916603
639,2387,4,2,2,1935,Suburban,Poor,Yes,398301
1713,3679,4,2,1,2012,Downtown,Good,No,528803
1218,1392,5,3,1,1948,Downtown,Excellent,No,67175
1158,4011,4,3,1,1921,Suburban,Good,No,540533
1415,501,1,1,1,1955,Suburban,Poor,No,302990
1527,2778,1,3,2,2012,Downtown,Excellent,No,626762
1656,4486,1,3,1,1916,Downtown,Poor,Yes,874832
1300,1745,5,2,3,1971,Urban,Poor,No,974570
1823,4443,5,3,3,1966,Suburban,Poor,Yes,859816
800,4262,3,3,2,1998,Suburban,Excellent,Yes,163394
1603,2533,3,4,1,1976,Rural,Good,No,608692
160,4718,4,3,3,1944,Downtown,Excellent,No,265933
956,1332,1,4,2,1923,Rural,Poor,Yes,836157
1186,1438,5,2,2,1908,Urban,Poor,No,514674
821,919,4,3,1,1986,Urban,Good,No,905824
1682,2890,3,1,3,1954,Urban,Fair,No,783902
877,3868,4,2,1,1924,Suburban,Fair,Yes,371345
913,2703,1,2,2,1997,Suburban,Good,Yes,127701
152,1354,3,4,2,1913,Suburban,Excellent,No,66473
1837,2101,1,2,1,1970,Rural,Good,Yes,237232
1777,3546,1,2,3,1971,Downtown,Good,Yes,889665
509,3940,1,1,1,1916,Downtown,Fair,Yes,638730
1135,4459,2,2,2,1956,Downtown,Good,Yes,120605
1250,2896,3,3,2,1992,Rural,Poor,Yes,251750
1664,3389,1,2,1,1916,Rural,Excellent,No,58981
103,1363,1,3,2,1915,Suburban,Good,No,495919
1445,750,4,4,3,2003,Rural,Poor,Yes,677901
1443,1607,1,1,2,1974,Urban,Good,Yes,92082
586,3919,2,3,2,2014,Downtown,Poor,Yes,186343
1769,1625,1,1,3,1905,Downtown,Excellent,No,286591
1143,810,4,3,1,1970,Urban,Fair,No,788165
53,4443,5,1,1,1951,Rural,Excellent,No,958840
151,4597,1,3,3,1974,Suburban,Fair,Yes,827794
403,2125,5,4,3,1912,Rural,Excellent,No,535820
1943,964,5,2,1,2009,Suburban,Poor,No,684378
207,3691,1,1,2,1924,Urban,Good,Yes,356256
1914,2648,1,2,1,1909,Urban,Poor,Yes,157001
1122,3542,4,2,1,2008,Downtown,Fair,Yes,832351
1839,840,5,2,1,1917,Downtown,Excellent,No,182871
8,3419,2,4,1,1925,Suburban,Good,Yes,594893
1014,2576,2,4,1,1952,Urban,Poor,Yes,894445
1854,4637,5,3,3,1904,Downtown,Fair,Yes,965100
1060,2262,1,1,2,1977,Suburban,Fair,No,805247
452,3722,1,3,2,2018,Downtown,Excellent,Yes,718582
253,1569,3,1,1,1942,Downtown,Good,No,685167
1327,3856,4,3,3,1995,Urban,Poor,Yes,198388
896,1074,3,1,1,1977,Downtown,Excellent,Yes,676517
1734,3725,1,2,3,1911,Downtown,Fair,Yes,86719
880,3361,1,2,2,1942,Suburban,Good,Yes,787341
1595,3749,3,1,2,1980,Suburban,Fair,Yes,875613
1889,4103,1,1,1,1923,Rural,Fair,Yes,355525
623,4664,3,3,3,1995,Rural,Fair,Yes,953606
345,4570,3,3,2,1915,Suburban,Fair,No,279602
1703,605,2,2,3,1918,Rural,Good,Yes,809925
262,3670,5,2,2,1910,Downtown,Good,Yes,562193
1634,988,1,4,1,1924,Rural,Good,No,698365
1321,4499,1,4,2,2014,Rural,Poor,No,921836
1438,1052,3,2,1,1977,Downtown,Excellent,No,110611
150,2660,3,4,2,1979,Downtown,Excellent,Yes,840168
472,3736,1,2,1,1901,Suburban,Fair,Yes,627564
640,3766,2,2,1,2012,Suburban,Excellent,Yes,492037
1983,4682,3,3,3,1961,Urban,Excellent,No,597685
1883,4723,4,4,1,1994,Downtown,Fair,No,177129
550,3456,5,3,1,1926,Urban,Excellent,No,453562
1780,4213,1,4,1,1947,Suburban,Good,Yes,493226
928,2982,3,3,2,1995,Suburban,Fair,Yes,809774
488,3423,3,2,3,1952,Downtown,Fair,No,601972
1812,1132,4,2,2,1954,Rural,Excellent,Yes,881776
1171,1665,1,3,3,1990,Rural,Excellent,Yes,842846
146,4196,2,2,2,1956,Downtown,Poor,No,375737
1958,4700,3,3,1,1917,Rural,Good,Yes,253426
1929,2264,1,1,1,1955,Downtown,Excellent,Yes,632761
402,1275,4,2,1,1924,Suburban,Fair,No,414745
954,3962,5,1,3,1985,Rural,Excellent,Yes,257606
1878,1548,5,3,2,1935,Rural,Fair,Yes,214944
659,4643,1,2,1,1989,Urban,Poor,No,100272
1372,4399,5,2,2,1989,Downtown,Good,Yes,883721
463,3039,4,1,1,2004,Suburban,Good,Yes,663311
1349,4463,2,1,2,1907,Urban,Fair,No,481413
186,3476,2,1,2,1944,Rural,Excellent,No,296509
1147,2961,1,3,3,1983,Downtown,Fair,Yes,317014
1224,4181,1,3,2,1938,Suburban,Poor,Yes,96629
608,1858,1,2,2,1971,Rural,Poor,No,811299
143,4081,4,1,3,1903,Downtown,Poor,No,883247
751,2539,5,4,1,1969,Downtown,Good,No,523875
1534,2540,1,3,2,1900,Downtown,Good,No,413309
981,1414,4,2,3,1981,Downtown,Excellent,Yes,68394
197,2549,5,4,3,1989,Suburban,Excellent,No,647689
1633,3730,4,2,2,1972,Rural,Fair,Yes,104583
883,2145,1,3,3,1947,Suburban,Excellent,Yes,915061
279,4514,5,1,1,2023,Urban,Fair,No,959222
293,2955,1,1,2,1978,Suburban,Good,Yes,792476
1824,863,2,4,2,1955,Rural,Fair,Yes,577800
400,3396,3,1,3,1951,Downtown,Fair,No,522650
122,2163,5,1,1,2005,Urban,Good,No,298029
1207,3670,2,3,2,1907,Downtown,Excellent,No,121540
202,3670,3,4,1,1901,Urban,Excellent,Yes,840078
1462,1766,4,4,3,2017,Downtown,Fair,Yes,450404
835,4219,1,3,2,1901,Downtown,Fair,No,752356
246,3567,1,4,1,1912,Rural,Excellent,No,150647
1439,1215,5,2,3,1938,Downtown,Poor,Yes,661530
1754,1468,3,3,1,2023,Downtown,Excellent,No,747143
1902,2450,3,4,2,1928,Urban,Poor,No,594043
1707,3136,5,4,2,1985,Downtown,Fair,No,891967
1881,1463,3,2,2,1923,Suburban,Fair,No,192712
1153,4624,5,4,1,1954,Downtown,Good,No,487538
1661,4068,2,3,1,2000,Urban,Excellent,No,491371
1426,3541,2,4,2,1957,Downtown,Good,Yes,744199
384,2927,2,3,3,1950,Rural,Fair,No,378756
1759,1843,2,2,3,1942,Rural,Good,No,270013
854,2849,1,1,3,1910,Rural,Fair,Yes,174714
1589,1739,3,4,2,1928,Rural,Excellent,No,529274
219,3461,1,3,1,1940,Suburban,Excellent,No,582046
641,1166,5,1,1,1962,Rural,Fair,Yes,78365
1,1360,5,4,3,1970,Downtown,Excellent,No,149919
112,3814,2,3,2,1904,Suburban,Poor,Yes,971600
698,3160,1,2,3,1916,Rural,Poor,No,86080
1916,1903,4,1,3,2005,Rural,Fair,No,427928
951,4564,3,3,1,1946,Suburban,Fair,No,733835
1648,954,4,4,2,1964,Suburban,Excellent,Yes,956906
1636,4181,2,2,2,1964,Rural,Excellent,No,161359
1749,3352,5,1,1,2020,Suburban,Excellent,No,667997
1410,1091,5,2,2,2015,Suburban,Good,No,553528
1409,3617,1,4,3,1989,Downtown,Fair,No,983332
1533,4428,3,4,1,1954,Downtown,Fair,No,309383
1291,4955,5,1,3,2003,Suburban,Excellent,Yes,681866
1809,707,4,3,3,1923,Suburban,Good,Yes,777591
441,4860,3,4,2,1940,Suburban,Poor,No,475716
1520,4505,1,4,1,2011,Rural,Poor,Yes,913624
1136,4087,4,4,3,1941,Downtown,Fair,No,331767
1715,2859,4,4,1,1912,Rural,Poor,No,332154
1256,2496,5,1,1,1963,Downtown,Good,No,385206
1864,572,1,1,3,1960,Suburban,Fair,Yes,996740
1631,3132,1,4,1,1929,Suburban,Excellent,Yes,934235
1695,4919,3,1,3,2019,Downtown,Poor,Yes,926143
1397,665,1,2,2,1997,Urban,Poor,No,706442
663,1776,1,4,3,2016,Rural,Fair,No,536160
1871,4759,3,2,3,1919,Rural,Good,No,911287
1257,1812,2,4,2,2022,Suburban,Excellent,No,200434
1774,572,3,3,1,1924,Downtown,Excellent,No,378624
1700,3041,1,1,2,1987,Downtown,Fair,No,969215
317,3624,4,4,3,1922,Suburban,Excellent,No,978735
648,1023,2,4,1,1981,Suburban,Poor,Yes,865037
1434,2556,1,3,2,1907,Urban,Fair,No,93815
1479,3471,4,4,1,1917,Downtown,Fair,Yes,662665
709,3209,4,3,1,1973,Urban,Good,No,724255
1382,1020,3,1,1,1941,Downtown,Fair,Yes,980291
1282,1088,2,2,1,1912,Urban,Good,Yes,234215
972,1322,2,4,2,2005,Suburban,Good,Yes,632334
627,4638,1,2,2,1943,Downtown,Poor,No,116330
632,3945,5,2,2,1949,Downtown,Excellent,Yes,284729
1306,1417,3,1,3,1976,Downtown,Excellent,No,568680
1400,2543,5,2,3,1953,Urban,Good,Yes,620179
1408,3436,4,2,2,1995,Downtown,Fair,No,445991
1248,1824,3,1,1,1906,Suburban,Excellent,Yes,235217
1953,1959,5,3,1,1944,Urban,Good,Yes,387540
1254,3611,3,2,1,1957,Rural,Poor,No,761045
1496,4311,3,3,3,2004,Urban,Fair,Yes,626730
1371,1192,3,2,1,1999,Urban,Poor,No,971463
1529,629,5,1,3,2008,Urban,Fair,No,468401
1663,3515,5,2,1,1952,Rural,Poor,No,842401
1354,2355,2,4,2,1963,Rural,Fair,Yes,969707
1926,2639,5,1,2,1925,Rural,Poor,Yes,406554
1901,1189,3,2,3,1942,Suburban,Fair,No,983708
1643,1350,4,4,1,1996,Urban,Good,No,724035
1849,2690,3,1,1,1925,Suburban,Good,No,550884
795,2949,2,4,2,1917,Suburban,Good,No,640855
645,4656,1,1,1,1940,Suburban,Excellent,Yes,54369
1012,2551,4,1,1,1991,Rural,Good,Yes,155494
1840,3317,2,4,2,1981,Downtown,Excellent,No,169095
556,2444,4,4,3,1957,Suburban,Fair,Yes,572247
681,1213,5,3,2,1952,Rural,Good,No,837560
577,1960,1,3,2,1900,Downtown,Excellent,Yes,756168
1109,4845,4,2,1,1973,Rural,Excellent,No,785901
1266,2216,4,3,1,2011,Downtown,Good,No,670218
1722,1908,2,4,2,1977,Downtown,Excellent,No,492667
1183,2328,3,4,1,2017,Downtown,Poor,Yes,70875
524,3876,5,3,2,1968,Urban,Poor,Yes,340534
1059,1250,4,3,3,2015,Urban,Fair,Yes,336420
540,4685,5,4,2,2014,Downtown,Poor,Yes,60236
1194,1889,4,1,1,1984,Downtown,Good,Yes,311538
1678,3871,3,4,2,2000,Rural,Fair,No,659019
748,2526,1,2,1,1937,Urban,Excellent,Yes,612347
1852,4607,5,2,3,1993,Rural,Good,No,316441
1430,2395,1,4,2,1953,Downtown,Fair,No,265963
484,2327,1,4,1,1977,Downtown,Excellent,No,783478
1757,940,5,2,3,1987,Suburban,Fair,Yes,789126
95,4340,1,1,3,1983,Urban,Poor,Yes,997226
1020,2675,3,1,2,2007,Suburban,Excellent,No,650709
563,3636,3,3,3,1960,Downtown,Good,No,187901
1264,862,1,3,3,2005,Downtown,Poor,No,753196
742,2548,1,1,3,1924,Suburban,Fair,Yes,305494
863,1327,3,2,2,1908,Urban,Fair,Yes,52631
1598,4903,1,3,2,2023,Rural,Excellent,No,813292
1714,4154,2,3,1,1990,Urban,Poor,No,445462
1484,4388,5,4,2,1961,Suburban,Excellent,Yes,887654
891,4002,5,1,2,1922,Rural,Poor,Yes,78004
1577,781,2,4,3,1961,Suburban,Fair,No,233843
1038,3181,3,4,3,2003,Suburban,Excellent,Yes,353895
206,4999,4,2,1,1967,Downtown,Excellent,No,139460
392,2944,3,3,1,1984,Downtown,Excellent,No,597933
794,2636,5,1,1,2009,Suburban,Excellent,Yes,496015
870,3677,1,3,2,1952,Downtown,Poor,Yes,477443
397,1253,2,3,3,2022,Rural,Fair,No,204473
766,2538,3,1,2,2021,Suburban,Poor,No,847399
1941,1171,1,1,2,1921,Urban,Excellent,No,270319
1241,536,1,4,1,1930,Urban,Fair,Yes,686364
1028,2574,3,4,3,2007,Rural,Poor,Yes,227398
1792,841,2,2,2,1937,Downtown,Good,Yes,259870
642,4688,1,3,1,1968,Downtown,Good,No,325333
1892,4985,2,4,2,1965,Urban,Excellent,Yes,585755
612,4844,1,3,3,2023,Downtown,Poor,No,99966
1762,4406,5,3,2,1926,Rural,Poor,No,230697
960,827,5,2,1,1975,Rural,Poor,No,337312
1570,1456,4,4,2,1996,Urban,Fair,No,75301
725,1419,4,2,2,1915,Urban,Poor,No,407073
683,2476,5,4,1,1955,Urban,Poor,No,213394
98,4993,3,4,3,1940,Downtown,Poor,Yes,715344
804,2692,3,1,1,1953,Downtown,Excellent,No,393133
1751,1487,4,2,3,1973,Downtown,Fair,Yes,796086
1597,4423,2,4,3,1943,Downtown,Excellent,Yes,811654
406,614,2,1,3,1957,Suburban,Good,No,961656
502,2458,3,2,2,2022,Urban,Fair,No,178568
1071,2139,4,3,2,1962,Suburban,Good,No,176206
1056,4650,3,4,2,1944,Downtown,Poor,Yes,838049
929,1451,3,3,3,1906,Urban,Poor,No,843387
779,2070,2,3,3,1913,Suburban,Fair,No,325251
200,4590,3,2,1,1908,Suburban,Excellent,Yes,502201
134,1163,1,3,1,1977,Suburban,Excellent,No,282131
1051,686,5,3,1,1947,Urban,Good,Yes,288078
40,741,4,1,3,1968,Downtown,Excellent,No,218393
1017,4298,3,2,1,1903,Rural,Good,No,101798
230,4487,4,3,2,1968,Suburban,Good,Yes,215368
1513,2647,2,2,2,2014,Downtown,Excellent,Yes,171246
1796,1732,1,2,3,2013,Urban,Poor,Yes,994889
378,1395,3,3,3,1925,Rural,Fair,No,931779
288,3675,4,4,3,2003,Rural,Poor,Yes,454241
418,3965,3,4,3,2012,Rural,Excellent,No,594283
1698,872,4,1,1,1991,Downtown,Excellent,No,168728
391,4880,1,1,1,1912,Suburban,Poor,Yes,304200
592,4462,3,4,3,1921,Suburban,Good,No,716933
1522,2865,5,4,2,1951,Urban,Poor,Yes,957023
1162,4861,2,4,2,1938,Suburban,Fair,No,697779
1086,829,4,1,2,1902,Downtown,Excellent,Yes,72873
1495,1773,5,3,1,2022,Urban,Poor,Yes,459174
647,4400,2,2,3,1923,Suburban,Good,No,975554
1152,1313,3,2,1,1961,Urban,Good,No,668214
1367,1550,1,3,1,1937,Rural,Excellent,No,336788
520,3311,4,2,2,1945,Suburban,Good,No,500953
1862,3638,1,2,2,1984,Rural,Good,Yes,203325
64,3842,2,2,1,1943,Rural,Fair,Yes,66738
1836,4225,2,2,2,2013,Downtown,Good,No,314531
14,1684,1,1,1,2004,Rural,Good,No,399355
1180,1463,2,2,1,1946,Urban,Fair,Yes,402131
1064,653,5,2,2,1938,Suburban,Poor,Yes,592247
492,4102,3,3,1,1917,Rural,Excellent,Yes,314826
379,4046,1,1,2,1938,Urban,Excellent,Yes,240732
187,2459,2,2,3,1908,Downtown,Poor,No,63580
763,3324,2,4,2,1925,Urban,Excellent,No,853621
216,3057,1,3,1,1901,Suburban,Good,Yes,356932
791,4727,5,4,1,1931,Suburban,Poor,No,328606
1076,4703,1,3,1,1984,Urban,Good,Yes,357248
878,4297,5,1,2,1920,Urban,Poor,Yes,916525
337,1512,4,4,3,1922,Urban,Fair,No,80924
1772,4631,5,2,1,2004,Downtown,Fair,Yes,687293
719,1660,3,4,2,2012,Suburban,Poor,Yes,493853
1748,4003,4,4,3,1956,Urban,Poor,No,176298
295,3450,2,4,3,1982,Rural,Poor,Yes,611032
1725,1800,4,1,1,2010,Suburban,Excellent,No,572886
1016,3157,5,3,2,2001,Suburban,Excellent,No,638085
1275,4008,4,4,1,2018,Suburban,Excellent,No,796648
1750,2966,1,3,1,1997,Urban,Fair,Yes,354431
1485,658,4,1,1,1958,Downtown,Good,Yes,930520
455,1562,2,4,1,1928,Rural,Fair,Yes,303301
1997,3046,5,2,1,2019,Suburban,Poor,Yes,580929
815,3126,4,3,1,1930,Urban,Good,No,283127
1886,4224,4,1,2,1979,Downtown,Poor,Yes,582191
269,1684,3,2,3,2003,Downtown,Good,No,195109
995,1887,1,3,1,1948,Suburban,Excellent,Yes,528720
201,2556,2,4,1,1925,Urban,Fair,No,214340
161,4996,1,1,1,2005,Downtown,Fair,No,369733
1579,1558,2,3,3,1930,Downtown,Good,No,465660
729,503,1,4,3,2012,Suburban,Poor,No,850118
401,4685,5,4,3,1901,Downtown,Fair,No,510665
702,2475,2,4,1,1998,Rural,Excellent,Yes,978671
1500,3479,4,4,1,1999,Downtown,Poor,Yes,139590
1845,4906,5,2,2,2003,Urban,Good,Yes,483595
1795,3161,2,3,3,1941,Suburban,Good,No,329373
1129,3167,1,2,3,1932,Downtown,Excellent,Yes,526015
565,723,4,4,3,1919,Urban,Good,No,543406
1413,1435,2,4,3,2006,Downtown,Excellent,Yes,727748
1021,4424,5,2,1,2011,Suburban,Fair,Yes,319578
1025,2122,5,1,2,1927,Urban,Fair,Yes,117573
1411,3220,5,1,1,1985,Suburban,Fair,No,569149
1895,4638,4,4,3,2009,Urban,Poor,No,859733
1585,1535,3,1,1,1933,Downtown,Excellent,No,579740
1104,546,2,4,1,1972,Rural,Good,No,293761
205,1654,5,2,2,1945,Urban,Poor,No,354960
34,1146,1,3,3,1954,Downtown,Excellent,No,725371
775,2408,4,3,2,1928,Suburban,Fair,Yes,190688
508,2031,1,3,3,1944,Rural,Excellent,Yes,684157
1451,3961,2,2,3,1933,Suburban,Excellent,No,733045
1478,1582,3,4,2,1983,Suburban,Poor,No,478416
1971,1214,2,4,1,1915,Rural,Poor,Yes,298595
1390,4667,5,1,2,1995,Suburban,Fair,No,932169
91,3231,3,3,2,2002,Downtown,Good,No,433891
1363,4176,5,3,3,2019,Urban,Poor,No,637270
897,1036,2,4,2,1971,Rural,Good,No,527044
564,2693,4,2,2,1937,Rural,Fair,Yes,173225
1369,4944,4,3,1,1992,Rural,Poor,Yes,395968
776,875,5,2,3,2005,Rural,Excellent,Yes,125976
241,1062,3,3,1,1970,Downtown,Good,No,614772
13,2933,4,3,2,1901,Downtown,Poor,No,849947
315,2991,4,4,3,2010,Rural,Fair,No,297439
600,3314,1,2,3,1952,Rural,Good,Yes,854660
387,3238,2,2,3,1970,Rural,Poor,No,459633
1297,1935,3,4,1,2000,Suburban,Excellent,Yes,133805
166,697,3,4,3,2011,Downtown,Excellent,No,634819
840,4725,5,3,2,1985,Suburban,Poor,Yes,973143
20,3058,5,2,2,2016,Downtown,Excellent,No,218767
646,3622,4,4,1,1973,Downtown,Excellent,No,506979
1842,2225,3,2,3,2004,Rural,Poor,No,140450
1508,1029,2,4,3,1939,Rural,Poor,No,257537
1154,2532,1,2,3,1945,Rural,Excellent,Yes,177463
1528,3655,1,1,2,1911,Rural,Excellent,Yes,777333
831,2365,5,4,3,2013,Urban,Good,No,69416
1267,4951,2,2,3,1989,Rural,Fair,No,196474
1590,625,4,2,3,1965,Urban,Fair,Yes,330444
1899,2453,5,3,2,1950,Suburban,Good,Yes,644191
562,4969,5,3,2,1919,Downtown,Good,Yes,235922
1952,4304,5,4,3,1939,Suburban,Poor,Yes,362130
686,4096,1,4,1,1922,Downtown,Fair,Yes,427389
957,4908,1,4,1,1964,Suburban,Poor,Yes,450074
189,3419,5,1,1,1931,Rural,Poor,Yes,828639
1806,3874,2,2,1,1940,Urban,Fair,Yes,107788
975,1274,4,4,2,1992,Rural,Excellent,Yes,239913
699,3239,4,1,3,1918,Urban,Poor,Yes,833103
1499,1941,3,4,3,1933,Downtown,Fair,No,583963
1705,4597,5,4,2,1965,Downtown,Excellent,No,365414
510,1323,4,3,1,2022,Rural,Excellent,Yes,835313
1082,2136,4,1,1,1909,Suburban,Fair,No,141257
474,4219,3,3,2,1986,Suburban,Good,Yes,490187
1584,1729,4,3,2,1974,Rural,Poor,No,443920
856,2943,3,3,3,1917,Urban,Excellent,No,100547
747,4734,4,1,2,1960,Downtown,Good,Yes,506388
252,3024,2,1,1,1969,Suburban,Poor,No,866037
21,2547,4,4,2,1935,Suburban,Good,Yes,996357
1337,3655,1,3,2,1980,Suburban,Good,Yes,828912
459,1656,1,3,2,1914,Rural,Poor,Yes,962046
1184,2608,3,4,3,1979,Suburban,Poor,Yes,325201
276,2395,1,1,1,1993,Suburban,Fair,Yes,777513
955,3579,1,3,1,2017,Downtown,Excellent,No,804965
1215,502,2,1,1,1909,Urban,Poor,Yes,184962
385,2068,4,4,3,1922,Downtown,Excellent,Yes,188307
805,1748,2,2,1,2005,Urban,Excellent,No,72222
1437,1939,1,1,1,1950,Urban,Excellent,No,154997
1515,1439,3,4,3,1982,Urban,Excellent,Yes,706341
343,4172,5,1,2,1929,Rural,Poor,Yes,790537
769,1618,2,3,2,1945,Urban,Poor,Yes,320804
1332,3344,1,3,3,1936,Urban,Good,Yes,879607
1685,1504,5,4,3,1932,Urban,Poor,No,772300
130,1782,5,3,3,1961,Downtown,Poor,Yes,202566
1687,906,2,2,2,1955,Urban,Excellent,Yes,87869
871,3556,3,1,2,1938,Urban,Poor,No,707302
1123,4997,2,2,2,1918,Urban,Excellent,No,286887
1396,4066,5,1,3,1934,Urban,Poor,Yes,332902
87,3604,5,4,3,1958,Suburban,Excellent,No,93923
1482,852,1,3,1,1990,Suburban,Good,No,874254
330,4175,1,2,3,1904,Urban,Good,Yes,538720
1238,4633,4,4,1,1934,Suburban,Poor,No,119806
466,2042,1,1,2,1973,Suburban,Good,No,857032
121,2481,4,2,2,1944,Rural,Poor,No,258072
1638,2167,2,3,1,1905,Urban,Good,No,721844
1044,3366,4,4,2,1970,Urban,Poor,Yes,406668
1724,3438,5,3,1,1966,Urban,Excellent,No,175223
1095,3208,5,4,2,1905,Rural,Fair,No,755339
1130,630,2,1,2,1939,Rural,Fair,No,926611
1294,4026,1,2,3,1919,Suburban,Fair,Yes,910513
860,3781,4,1,2,2017,Urban,Fair,Yes,935188
1459,4095,1,2,3,1945,Downtown,Excellent,Yes,810943
1126,1114,5,3,1,1900,Downtown,Good,No,992151
